BETRIEBSTAG;FAHRT_BEZEICHNER;BETREIBER_ID;BETREIBER_ABK;BETREIBER_NAME;PRODUKT_ID;LINIEN_ID;LINIEN_TEXT;UMLAUF_ID;VERKEHRSMITTEL_TEXT;ZUSATZFAHRT_TF;FAELLT_AUS_TF;BPUIC;HALTESTELLEN_NAME;ANKUNFTSZEIT;AN_PROGNOSE;AN_PROGNOSE_STATUS;ABFAHRTSZEIT;AB_PROGNOSE;AB_PROGNOSE_STATUS;DURCHFAHRT_TF;SLOID
09.09.2026;55:55____:19912:000;55:55____;MÁV-START;Magyar Államvasutak START Zrt.;Zug;19912;RJX;;RJX;false;false;5510017;Budapest-Keleti;;;;09.09.2026 06:30;;UNBEKANNT;false;
09.09.2026;55:55____:19912:000;55:55____;MÁV-START;Magyar Államvasutak START Zrt.;Zug;19912;RJX;;RJX;false;false;5501024;Kelenföld;09.09.2026 06:47;;UNBEKANNT;09.09.2026 06:50;;UNBEKANNT;false;
09.09.2026;55:55____:19912:000;55:55____;MÁV-START;Magyar Államvasutak START Zrt.;Zug;19912;RJX;;RJX;false;false;5501131;Tatabánya;09.09.2026 07:25;;UNBEKANNT;09.09.2026 07:26;;UNBEKANNT;false;
09.09.2026;55:55____:19912:000;55:55____;MÁV-START;Magyar Államvasutak START Zrt.;Zug;19912;RJX;;RJX;false;false;5501289;Györ;09.09.2026 08:00;;UNBEKANNT;09.09.2026 08:02;;UNBEKANNT;false;
09.09.2026;55:55____:19912:000;55:55____;MÁV-START;Magyar Államvasutak START Zrt.;Zug;19912;RJX;;RJX;false;false;5501347;Mosonmagyaróvár;09.09.2026 08:19;;UNBEKANNT;09.09.2026 08:20;;UNBEKANNT;false;
09.09.2026;55:55____:19912:000;55:55____;MÁV-START;Magyar Államvasutak START Zrt.;Zug;19912;RJX;;RJX;false;false;8101003;Wien Hbf;09.09.2026 09:18;;UNBEKANNT;09.09.2026 09:28;;UNBEKANNT;false;
09.09.2026;55:55____:19912:000;55:55____;MÁV-START;Magyar Államvasutak START Zrt.;Zug;19912;RJX;;RJX;false;false;8103107;Wien Meidling;09.09.2026 09:33;;UNBEKANNT;09.09.2026 09:35;;UNBEKANNT;false;
09.09.2026;55:55____:19912:000;55:55____;MÁV-START;Magyar Államvasutak START Zrt.;Zug;19912;RJX;;RJX;false;false;8101032;St.Pölten Hbf;09.09.2026 09:57;;UNBEKANNT;09.09.2026 09:59;;UNBEKANNT;false;
09.09.2026;55:55____:19912:000;55:55____;MÁV-START;Magyar Államvasutak START Zrt.;Zug;19912;RJX;;RJX;false;false;8101073;Linz/Donau Hbf;09.09.2026 10:43;;UNBEKANNT;09.09.2026 10:45;;UNBEKANNT;false;
09.09.2026;55:55____:19912:000;55:55____;MÁV-START;Magyar Államvasutak START Zrt.;Zug;19912;RJX;;RJX;false;false;8101114;Salzburg Hbf;09.09.2026 11:53;;UNBEKANNT;09.09.2026 11:56;;UNBEKANNT;false;
09.09.2026;55:55____:19912:000;55:55____;MÁV-START;Magyar Államvasutak START Zrt.;Zug;19912;RJX;;RJX;false;false;8102184;Kufstein;09.09.2026 13:17;;UNBEKANNT;09.09.2026 13:20;;UNBEKANNT;false;
09.09.2026;55:55____:19912:000;55:55____;MÁV-START;Magyar Államvasutak START Zrt.;Zug;19912;RJX;;RJX;false;false;8101170;Wörgl Hbf;09.09.2026 13:28;;UNBEKANNT;09.09.2026 13:30;;UNBEKANNT;false;
09.09.2026;55:55____:19912:000;55:55____;MÁV-START;Magyar Államvasutak START Zrt.;Zug;19912;RJX;;RJX;false;false;8101176;Jenbach;09.09.2026 13:45;;UNBEKANNT;09.09.2026 13:47;;UNBEKANNT;false;
09.09.2026;55:55____:19912:000;55:55____;MÁV-START;Magyar Államvasutak START Zrt.;Zug;19912;RJX;;RJX;false;false;8101187;Innsbruck Hbf;09.09.2026 14:11;;UNBEKANNT;09.09.2026 14:16;;UNBEKANNT;false;
09.09.2026;55:55____:19912:000;55:55____;MÁV-START;Magyar Államvasutak START Zrt.;Zug;19912;RJX;;RJX;false;false;8101204;Ötztal;09.09.2026 14:39;;UNBEKANNT;09.09.2026 14:41;;UNBEKANNT;false;
09.09.2026;55:55____:19912:000;55:55____;MÁV-START;Magyar Államvasutak START Zrt.;Zug;19912;RJX;;RJX;false;false;8101212;Landeck-Zams;09.09.2026 15:01;;UNBEKANNT;09.09.2026 15:03;;UNBEKANNT;false;
09.09.2026;55:55____:19912:000;55:55____;MÁV-START;Magyar Államvasutak START Zrt.;Zug;19912;RJX;;RJX;false;false;8101222;St. Anton am Arlberg;09.09.2026 15:25;;UNBEKANNT;09.09.2026 15:27;;UNBEKANNT;false;
09.09.2026;55:55____:19912:000;55:55____;MÁV-START;Magyar Államvasutak START Zrt.;Zug;19912;RJX;;RJX;false;false;8101230;Bludenz;09.09.2026 15:59;;UNBEKANNT;09.09.2026 16:01;;UNBEKANNT;false;
09.09.2026;55:55____:19912:000;55:55____;MÁV-START;Magyar Államvasutak START Zrt.;Zug;19912;RJX;;RJX;false;false;8101236;Feldkirch;09.09.2026 16:12;;UNBEKANNT;09.09.2026 16:14;;UNBEKANNT;false;
09.09.2026;55:55____:19912:000;55:55____;MÁV-START;Magyar Államvasutak START Zrt.;Zug;19912;RJX;;RJX;false;false;8102322;Rankweil;09.09.2026 16:19;;UNBEKANNT;09.09.2026 16:21;;UNBEKANNT;false;
09.09.2026;55:55____:19912:000;55:55____;MÁV-START;Magyar Államvasutak START Zrt.;Zug;19912;RJX;;RJX;false;false;8102327;Hohenems;09.09.2026 16:29;;UNBEKANNT;09.09.2026 16:31;;UNBEKANNT;false;
09.09.2026;55:55____:19912:000;55:55____;MÁV-START;Magyar Államvasutak START Zrt.;Zug;19912;RJX;;RJX;false;false;8102329;Dornbirn;09.09.2026 16:37;;UNBEKANNT;09.09.2026 16:39;;UNBEKANNT;false;
09.09.2026;55:55____:19912:000;55:55____;MÁV-START;Magyar Államvasutak START Zrt.;Zug;19912;RJX;;RJX;false;false;8102336;Bregenz;09.09.2026 16:47;;UNBEKANNT;;;;false;
09.09.2026;56:56____:19910:000;56:56____;ZSSK;Zeleznicná spolocnost Slovensko;Zug;19910;EC;;EC;false;false;5613206;Bratislava hlavna stanica;;;;09.09.2026 06:00;;UNBEKANNT;false;
09.09.2026;56:56____:19910:000;56:56____;ZSSK;Zeleznicná spolocnost Slovensko;Zug;19910;EC;;EC;false;false;5614576;Bratislava-Petrzalka;09.09.2026 06:26;;UNBEKANNT;09.09.2026 06:32;;UNBEKANNT;false;
09.09.2026;56:56____:19910:000;56:56____;ZSSK;Zeleznicná spolocnost Slovensko;Zug;19910;EC;;EC;false;false;8101003;Wien Hbf;09.09.2026 07:18;;UNBEKANNT;09.09.2026 07:28;;UNBEKANNT;false;
09.09.2026;56:56____:19910:000;56:56____;ZSSK;Zeleznicná spolocnost Slovensko;Zug;19910;EC;;EC;false;false;8103107;Wien Meidling;09.09.2026 07:33;;UNBEKANNT;09.09.2026 07:35;;UNBEKANNT;false;
09.09.2026;56:56____:19910:000;56:56____;ZSSK;Zeleznicná spolocnost Slovensko;Zug;19910;EC;;EC;false;false;8101032;St.Pölten Hbf;09.09.2026 07:57;;UNBEKANNT;09.09.2026 07:59;;UNBEKANNT;false;
09.09.2026;56:56____:19910:000;56:56____;ZSSK;Zeleznicná spolocnost Slovensko;Zug;19910;EC;;EC;false;false;8101073;Linz/Donau Hbf;09.09.2026 08:43;;UNBEKANNT;09.09.2026 08:45;;UNBEKANNT;false;
09.09.2026;56:56____:19910:000;56:56____;ZSSK;Zeleznicná spolocnost Slovensko;Zug;19910;EC;;EC;false;false;8101114;Salzburg Hbf;09.09.2026 09:53;;UNBEKANNT;09.09.2026 09:56;;UNBEKANNT;false;
09.09.2026;56:56____:19910:000;56:56____;ZSSK;Zeleznicná spolocnost Slovensko;Zug;19910;EC;;EC;false;false;8102184;Kufstein;09.09.2026 11:17;;UNBEKANNT;09.09.2026 11:20;;UNBEKANNT;false;
09.09.2026;56:56____:19910:000;56:56____;ZSSK;Zeleznicná spolocnost Slovensko;Zug;19910;EC;;EC;false;false;8101170;Wörgl Hbf;09.09.2026 11:28;;UNBEKANNT;09.09.2026 11:30;;UNBEKANNT;false;
09.09.2026;56:56____:19910:000;56:56____;ZSSK;Zeleznicná spolocnost Slovensko;Zug;19910;EC;;EC;false;false;8101176;Jenbach;09.09.2026 11:45;;UNBEKANNT;09.09.2026 11:47;;UNBEKANNT;false;
09.09.2026;56:56____:19910:000;56:56____;ZSSK;Zeleznicná spolocnost Slovensko;Zug;19910;EC;;EC;false;false;8101187;Innsbruck Hbf;09.09.2026 12:11;;UNBEKANNT;09.09.2026 12:16;;UNBEKANNT;false;
09.09.2026;56:56____:19910:000;56:56____;ZSSK;Zeleznicná spolocnost Slovensko;Zug;19910;EC;;EC;false;false;8101204;Ötztal;09.09.2026 12:39;;UNBEKANNT;09.09.2026 12:41;;UNBEKANNT;false;
09.09.2026;56:56____:19910:000;56:56____;ZSSK;Zeleznicná spolocnost Slovensko;Zug;19910;EC;;EC;false;false;8101212;Landeck-Zams;09.09.2026 13:01;;UNBEKANNT;09.09.2026 13:03;;UNBEKANNT;false;
09.09.2026;56:56____:19910:000;56:56____;ZSSK;Zeleznicná spolocnost Slovensko;Zug;19910;EC;;EC;false;false;8101222;St. Anton am Arlberg;09.09.2026 13:25;;UNBEKANNT;09.09.2026 13:27;;UNBEKANNT;false;
09.09.2026;56:56____:19910:000;56:56____;ZSSK;Zeleznicná spolocnost Slovensko;Zug;19910;EC;;EC;false;false;8101230;Bludenz;09.09.2026 13:59;;UNBEKANNT;09.09.2026 14:01;;UNBEKANNT;false;
09.09.2026;56:56____:19910:000;56:56____;ZSSK;Zeleznicná spolocnost Slovensko;Zug;19910;EC;;EC;false;false;8101236;Feldkirch;09.09.2026 14:12;;UNBEKANNT;;;;false;
09.09.2026;80:07____:3292:000;80:07____;DB;DB Regio AG Bayern;Zug;3292;RERE7;;RE;false;false;8002140;Augsburg Hbf;;;;09.09.2026 22:32;09.09.2026 22:32:00;PROGNOSE;false;
09.09.2026;80:07____:3292:000;80:07____;DB;DB Regio AG Bayern;Zug;3292;RERE7;;RE;false;false;8002170;Augsburg Morellstrasse;09.09.2026 22:34;09.09.2026 22:34:00;PROGNOSE;09.09.2026 22:35;09.09.2026 22:36:00;PROGNOSE;false;
09.09.2026;80:07____:3292:000;80:07____;DB;DB Regio AG Bayern;Zug;3292;RERE7;;RE;false;false;8063237;Augsburg-Messe;09.09.2026 22:37;09.09.2026 22:38:00;PROGNOSE;09.09.2026 22:38;09.09.2026 22:39:00;PROGNOSE;false;
09.09.2026;80:07____:3292:000;80:07____;DB;DB Regio AG Bayern;Zug;3292;RERE7;;RE;false;false;8002172;Inningen;09.09.2026 22:41;09.09.2026 22:41:00;PROGNOSE;09.09.2026 22:41;09.09.2026 22:42:00;PROGNOSE;false;
09.09.2026;80:07____:3292:000;80:07____;DB;DB Regio AG Bayern;Zug;3292;RERE7;;RE;false;false;8002173;Bobingen;09.09.2026 22:46;09.09.2026 22:46:00;PROGNOSE;09.09.2026 22:46;09.09.2026 22:47:00;PROGNOSE;false;
09.09.2026;80:07____:3292:000;80:07____;DB;DB Regio AG Bayern;Zug;3292;RERE7;;RE;false;false;8002177;Schwabmünchen;09.09.2026 22:54;09.09.2026 22:54:00;PROGNOSE;09.09.2026 22:54;09.09.2026 22:56:00;PROGNOSE;false;
09.09.2026;80:07____:3292:000;80:07____;DB;DB Regio AG Bayern;Zug;3292;RERE7;;RE;false;false;8002181;Buchloe;09.09.2026 23:05;09.09.2026 23:06:00;PROGNOSE;09.09.2026 23:07;09.09.2026 23:16:00;PROGNOSE;false;
09.09.2026;80:07____:3292:000;80:07____;DB;DB Regio AG Bayern;Zug;3292;RERE7;;RE;false;false;8002278;Kaufbeuren;09.09.2026 23:20;09.09.2026 23:27:00;PROGNOSE;09.09.2026 23:21;09.09.2026 23:29:00;PROGNOSE;false;
09.09.2026;80:07____:3292:000;80:07____;DB;DB Regio AG Bayern;Zug;3292;RERE7;;RE;false;false;8002289;Biessenhofen;09.09.2026 23:25;09.09.2026 23:33:00;PROGNOSE;09.09.2026 23:26;09.09.2026 23:34:00;PROGNOSE;false;
09.09.2026;80:07____:3292:000;80:07____;DB;DB Regio AG Bayern;Zug;3292;RERE7;;RE;false;false;8002304;Günzach;09.09.2026 23:37;09.09.2026 23:45:00;PROGNOSE;09.09.2026 23:38;09.09.2026 23:46:00;PROGNOSE;false;
09.09.2026;80:07____:3292:000;80:07____;DB;DB Regio AG Bayern;Zug;3292;RERE7;;RE;false;false;8002307;Kempten (Allgäu) Hbf;09.09.2026 23:48;09.09.2026 23:59:00;PROGNOSE;09.09.2026 23:50;10.09.2026 00:04:00;PROGNOSE;false;
09.09.2026;80:07____:3292:000;80:07____;DB;DB Regio AG Bayern;Zug;3292;RERE7;;RE;false;false;8002340;Martinszell (Allgäu);09.09.2026 23:58;10.09.2026 00:12:00;PROGNOSE;09.09.2026 23:58;10.09.2026 00:14:00;PROGNOSE;false;
09.09.2026;80:07____:3292:000;80:07____;DB;DB Regio AG Bayern;Zug;3292;RERE7;;RE;false;false;8002342;Immenstadt;10.09.2026 00:05;10.09.2026 00:23:00;PROGNOSE;10.09.2026 00:06;10.09.2026 00:25:00;PROGNOSE;false;
09.09.2026;80:07____:3292:000;80:07____;DB;DB Regio AG Bayern;Zug;3292;RERE7;;RE;false;false;8002347;Oberstaufen;10.09.2026 00:16;10.09.2026 00:36:00;PROGNOSE;10.09.2026 00:17;10.09.2026 00:37:00;PROGNOSE;false;
09.09.2026;80:07____:3292:000;80:07____;DB;DB Regio AG Bayern;Zug;3292;RERE7;;RE;false;false;8002349;Röthenbach (Allgäu);10.09.2026 00:26;10.09.2026 00:48:00;PROGNOSE;10.09.2026 00:27;10.09.2026 00:49:00;PROGNOSE;false;
09.09.2026;80:07____:3292:000;80:07____;DB;DB Regio AG Bayern;Zug;3292;RERE7;;RE;false;false;8002357;Heimenkirch;10.09.2026 00:31;10.09.2026 00:54:00;PROGNOSE;10.09.2026 00:32;10.09.2026 00:55:00;PROGNOSE;false;
09.09.2026;80:07____:3292:000;80:07____;DB;DB Regio AG Bayern;Zug;3292;RERE7;;RE;false;false;8002363;Hergatz;10.09.2026 00:42;10.09.2026 01:02:00;PROGNOSE;10.09.2026 00:42;10.09.2026 01:03:00;PROGNOSE;false;
09.09.2026;80:07____:3292:000;80:07____;DB;DB Regio AG Bayern;Zug;3292;RERE7;;RE;false;false;8002371;Lindau-Insel;10.09.2026 01:01;10.09.2026 01:18:00;PROGNOSE;10.09.2026 01:20;10.09.2026 01:28:00;PROGNOSE;false;
09.09.2026;80:07____:3292:000;80:07____;DB;DB Regio AG Bayern;Zug;3292;RERE7;;RE;false;false;8002301;Lindau-Reutin;10.09.2026 01:24;10.09.2026 01:31:00;PROGNOSE;;;;false;
09.09.2026;80:07____:57632:000;80:07____;DB;DB Regio AG Bayern;Zug;57632;RERE75;;RE;false;false;8002371;Lindau-Insel;;;;09.09.2026 04:03;09.09.2026 04:04:00;PROGNOSE;false;
09.09.2026;80:07____:57632:000;80:07____;DB;DB Regio AG Bayern;Zug;57632;RERE75;;RE;false;false;8002363;Hergatz;09.09.2026 04:18;09.09.2026 04:19:00;PROGNOSE;09.09.2026 04:19;09.09.2026 04:20:00;PROGNOSE;false;
09.09.2026;80:07____:57632:000;80:07____;DB;DB Regio AG Bayern;Zug;57632;RERE75;;RE;false;false;8002357;Heimenkirch;09.09.2026 04:29;09.09.2026 04:27:00;PROGNOSE;09.09.2026 04:30;09.09.2026 04:28:00;PROGNOSE;false;
09.09.2026;80:07____:57632:000;80:07____;DB;DB Regio AG Bayern;Zug;57632;RERE75;;RE;false;false;8002349;Röthenbach (Allgäu);09.09.2026 04:34;09.09.2026 04:32:00;PROGNOSE;09.09.2026 04:35;09.09.2026 04:36:00;PROGNOSE;false;
09.09.2026;80:07____:57632:000;80:07____;DB;DB Regio AG Bayern;Zug;57632;RERE75;;RE;false;false;8002347;Oberstaufen;09.09.2026 04:46;09.09.2026 04:46:00;PROGNOSE;09.09.2026 04:46;09.09.2026 04:47:00;PROGNOSE;false;
09.09.2026;80:07____:57632:000;80:07____;DB;DB Regio AG Bayern;Zug;57632;RERE75;;RE;false;false;8002342;Immenstadt;09.09.2026 05:00;09.09.2026 05:01:00;PROGNOSE;09.09.2026 05:01;09.09.2026 05:01:00;PROGNOSE;false;
09.09.2026;80:07____:57632:000;80:07____;DB;DB Regio AG Bayern;Zug;57632;RERE75;;RE;false;false;8002340;Martinszell (Allgäu);09.09.2026 05:08;09.09.2026 05:10:00;PROGNOSE;09.09.2026 05:09;09.09.2026 05:11:00;PROGNOSE;false;
09.09.2026;80:07____:57632:000;80:07____;DB;DB Regio AG Bayern;Zug;57632;RERE75;;RE;false;false;8002307;Kempten (Allgäu) Hbf;09.09.2026 05:18;09.09.2026 05:20:00;PROGNOSE;;;;false;
09.09.2026;80:07____:57633:000;80:07____;DB;DB Regio AG Bayern;Zug;57633;RB;;RB;false;false;8002347;Oberstaufen;;;;09.09.2026 19:35;09.09.2026 19:36:00;PROGNOSE;false;
09.09.2026;80:07____:57633:000;80:07____;DB;DB Regio AG Bayern;Zug;57633;RB;;RB;false;false;8002349;Röthenbach (Allgäu);09.09.2026 19:46;09.09.2026 19:48:00;PROGNOSE;09.09.2026 19:46;09.09.2026 19:51:00;PROGNOSE;false;
09.09.2026;80:07____:57633:000;80:07____;DB;DB Regio AG Bayern;Zug;57633;RB;;RB;false;false;8002357;Heimenkirch;09.09.2026 19:52;09.09.2026 19:56:00;PROGNOSE;09.09.2026 19:52;09.09.2026 19:57:00;PROGNOSE;false;
09.09.2026;80:07____:57633:000;80:07____;DB;DB Regio AG Bayern;Zug;57633;RB;;RB;false;false;8002363;Hergatz;09.09.2026 20:00;09.09.2026 20:05:00;PROGNOSE;09.09.2026 20:08;09.09.2026 20:08:00;PROGNOSE;false;
09.09.2026;80:07____:57633:000;80:07____;DB;DB Regio AG Bayern;Zug;57633;RB;;RB;false;false;8002371;Lindau-Insel;09.09.2026 20:28;09.09.2026 20:26:00;PROGNOSE;;;;false;
09.09.2026;80:07____:57644:000;80:07____;DB;DB Regio AG Bayern;Zug;57644;RERE7;;RE;false;false;8002347;Oberstaufen;;;;09.09.2026 05:53;09.09.2026 05:53:00;PROGNOSE;false;
09.09.2026;80:07____:57644:000;80:07____;DB;DB Regio AG Bayern;Zug;57644;RERE7;;RE;false;false;8002349;Röthenbach (Allgäu);09.09.2026 06:03;09.09.2026 06:05:00;PROGNOSE;09.09.2026 06:03;09.09.2026 06:06:00;PROGNOSE;false;
09.09.2026;80:07____:57644:000;80:07____;DB;DB Regio AG Bayern;Zug;57644;RERE7;;RE;false;false;8002357;Heimenkirch;09.09.2026 06:08;09.09.2026 06:11:00;PROGNOSE;09.09.2026 06:09;09.09.2026 06:11:00;PROGNOSE;false;
09.09.2026;80:07____:57644:000;80:07____;DB;DB Regio AG Bayern;Zug;57644;RERE7;;RE;false;false;8002363;Hergatz;09.09.2026 06:19;09.09.2026 06:20:00;PROGNOSE;09.09.2026 06:20;09.09.2026 06:21:00;PROGNOSE;false;
09.09.2026;80:07____:57644:000;80:07____;DB;DB Regio AG Bayern;Zug;57644;RERE7;;RE;false;false;8002371;Lindau-Insel;09.09.2026 06:37;09.09.2026 06:36:00;PROGNOSE;09.09.2026 07:03;09.09.2026 07:08:00;PROGNOSE;false;
09.09.2026;80:07____:57644:000;80:07____;DB;DB Regio AG Bayern;Zug;57644;RERE7;;RE;false;false;8002301;Lindau-Reutin;09.09.2026 07:06;09.09.2026 07:11:00;PROGNOSE;;;;false;
09.09.2026;80:07____:57649:000;80:07____;DB;DB Regio AG Bayern;Zug;57649;RERE7;;RE;false;false;8002301;Lindau-Reutin;;;;09.09.2026 23:08;09.09.2026 23:10:00;PROGNOSE;false;
09.09.2026;80:07____:57649:000;80:07____;DB;DB Regio AG Bayern;Zug;57649;RERE7;;RE;false;false;8002371;Lindau-Insel;09.09.2026 23:11;09.09.2026 23:14:00;PROGNOSE;09.09.2026 23:18;09.09.2026 23:23:00;PROGNOSE;false;
09.09.2026;80:07____:57649:000;80:07____;DB;DB Regio AG Bayern;Zug;57649;RERE7;;RE;false;false;8002363;Hergatz;09.09.2026 23:32;09.09.2026 23:41:00;PROGNOSE;09.09.2026 23:33;09.09.2026 23:41:00;PROGNOSE;false;
09.09.2026;80:07____:57649:000;80:07____;DB;DB Regio AG Bayern;Zug;57649;RERE7;;RE;false;false;8002357;Heimenkirch;09.09.2026 23:43;09.09.2026 23:48:00;PROGNOSE;09.09.2026 23:44;09.09.2026 23:49:00;PROGNOSE;false;
09.09.2026;80:07____:57649:000;80:07____;DB;DB Regio AG Bayern;Zug;57649;RERE7;;RE;false;false;8002349;Röthenbach (Allgäu);09.09.2026 23:49;09.09.2026 23:54:00;PROGNOSE;09.09.2026 23:49;09.09.2026 23:54:00;PROGNOSE;false;
09.09.2026;80:07____:57649:000;80:07____;DB;DB Regio AG Bayern;Zug;57649;RERE7;;RE;false;false;8002347;Oberstaufen;09.09.2026 23:59;10.09.2026 00:04:00;PROGNOSE;09.09.2026 23:59;10.09.2026 00:05:00;PROGNOSE;false;
09.09.2026;80:07____:57649:000;80:07____;DB;DB Regio AG Bayern;Zug;57649;RERE7;;RE;false;false;8002342;Immenstadt;10.09.2026 00:11;10.09.2026 00:17:00;PROGNOSE;10.09.2026 00:12;10.09.2026 00:33:00;PROGNOSE;false;
09.09.2026;80:07____:57649:000;80:07____;DB;DB Regio AG Bayern;Zug;57649;RERE7;;RE;false;false;8002340;Martinszell (Allgäu);10.09.2026 00:20;10.09.2026 00:42:00;PROGNOSE;10.09.2026 00:21;10.09.2026 00:42:00;PROGNOSE;false;
09.09.2026;80:07____:57649:000;80:07____;DB;DB Regio AG Bayern;Zug;57649;RERE7;;RE;false;false;8002307;Kempten (Allgäu) Hbf;10.09.2026 00:29;10.09.2026 00:51:00;PROGNOSE;;;;false;
09.09.2026;80:07____:63400:000;80:07____;DB;DB Regio AG Bayern;Zug;63400;RERE70;;RE;false;false;8002347;Oberstaufen;;;;09.09.2026 23:17;09.09.2026 23:01:00;PROGNOSE;false;
09.09.2026;80:07____:63400:000;80:07____;DB;DB Regio AG Bayern;Zug;63400;RERE70;;RE;false;false;8002349;Röthenbach (Allgäu);09.09.2026 23:26;09.09.2026 23:12:00;PROGNOSE;09.09.2026 23:27;09.09.2026 23:13:00;PROGNOSE;false;
09.09.2026;80:07____:63400:000;80:07____;DB;DB Regio AG Bayern;Zug;63400;RERE70;;RE;false;false;8002357;Heimenkirch;09.09.2026 23:31;09.09.2026 23:18:00;PROGNOSE;09.09.2026 23:32;09.09.2026 23:19:00;PROGNOSE;false;
09.09.2026;80:07____:63400:000;80:07____;DB;DB Regio AG Bayern;Zug;63400;RERE70;;RE;false;false;8002363;Hergatz;09.09.2026 23:42;09.09.2026 23:26:00;PROGNOSE;09.09.2026 23:42;09.09.2026 23:27:00;PROGNOSE;false;
09.09.2026;80:07____:63400:000;80:07____;DB;DB Regio AG Bayern;Zug;63400;RERE70;;RE;false;false;8002371;Lindau-Insel;10.09.2026 00:00;09.09.2026 23:42:00;PROGNOSE;10.09.2026 00:16;10.09.2026 00:19:00;PROGNOSE;false;
09.09.2026;80:07____:63400:000;80:07____;DB;DB Regio AG Bayern;Zug;63400;RERE70;;RE;false;false;8002301;Lindau-Reutin;10.09.2026 00:20;10.09.2026 00:22:00;PROGNOSE;;;;false;
09.09.2026;80:07____:63401:000;80:07____;DB;DB Regio AG Bayern;Zug;63401;RERE70;;RE;false;false;8002301;Lindau-Reutin;;;;09.09.2026 09:40;09.09.2026 09:44:00;PROGNOSE;false;
09.09.2026;80:07____:63401:000;80:07____;DB;DB Regio AG Bayern;Zug;63401;RERE70;;RE;false;false;8002371;Lindau-Insel;09.09.2026 09:43;09.09.2026 09:49:00;PROGNOSE;09.09.2026 10:00;09.09.2026 10:02:00;PROGNOSE;false;
09.09.2026;80:07____:63401:000;80:07____;DB;DB Regio AG Bayern;Zug;63401;RERE70;;RE;false;false;8002363;Hergatz;09.09.2026 10:14;09.09.2026 10:33:00;PROGNOSE;09.09.2026 10:14;09.09.2026 10:34:00;PROGNOSE;false;
09.09.2026;80:07____:63401:000;80:07____;DB;DB Regio AG Bayern;Zug;63401;RERE70;;RE;false;false;8002357;Heimenkirch;09.09.2026 10:25;09.09.2026 10:41:00;PROGNOSE;09.09.2026 10:25;09.09.2026 10:41:00;PROGNOSE;false;
09.09.2026;80:07____:63401:000;80:07____;DB;DB Regio AG Bayern;Zug;63401;RERE70;;RE;false;false;8002349;Röthenbach (Allgäu);09.09.2026 10:30;09.09.2026 10:46:00;PROGNOSE;09.09.2026 10:31;09.09.2026 10:46:00;PROGNOSE;false;
09.09.2026;80:07____:63401:000;80:07____;DB;DB Regio AG Bayern;Zug;63401;RERE70;;RE;false;false;8002347;Oberstaufen;09.09.2026 10:42;09.09.2026 10:56:00;PROGNOSE;;;;false;
09.09.2026;80:07____:63402:000;80:07____;DB;DB Regio AG Bayern;Zug;63402;RERE70;;RE;false;false;8002347;Oberstaufen;;;;09.09.2026 15:17;09.09.2026 15:04:00;PROGNOSE;false;
09.09.2026;80:07____:63402:000;80:07____;DB;DB Regio AG Bayern;Zug;63402;RERE70;;RE;false;false;8002349;Röthenbach (Allgäu);09.09.2026 15:26;09.09.2026 15:16:00;PROGNOSE;09.09.2026 15:27;09.09.2026 15:17:00;PROGNOSE;false;
09.09.2026;80:07____:63402:000;80:07____;DB;DB Regio AG Bayern;Zug;63402;RERE70;;RE;false;false;8002357;Heimenkirch;09.09.2026 15:31;09.09.2026 15:22:00;PROGNOSE;09.09.2026 15:32;09.09.2026 15:23:00;PROGNOSE;false;
09.09.2026;80:07____:63402:000;80:07____;DB;DB Regio AG Bayern;Zug;63402;RERE70;;RE;false;false;8002363;Hergatz;09.09.2026 15:42;09.09.2026 15:31:00;PROGNOSE;09.09.2026 15:42;09.09.2026 15:34:00;PROGNOSE;false;
09.09.2026;80:07____:63402:000;80:07____;DB;DB Regio AG Bayern;Zug;63402;RERE70;;RE;false;false;8002371;Lindau-Insel;09.09.2026 16:00;09.09.2026 15:53:00;PROGNOSE;09.09.2026 16:16;09.09.2026 16:16:00;PROGNOSE;false;
09.09.2026;80:07____:63402:000;80:07____;DB;DB Regio AG Bayern;Zug;63402;RERE70;;RE;false;false;8002301;Lindau-Reutin;09.09.2026 16:20;09.09.2026 16:20:00;PROGNOSE;;;;false;
09.09.2026;80:07____:63403:000;80:07____;DB;DB Regio AG Bayern;Zug;63403;RERE70;;RE;false;false;8002301;Lindau-Reutin;;;;09.09.2026 15:40;09.09.2026 15:41:00;PROGNOSE;false;
09.09.2026;80:07____:63403:000;80:07____;DB;DB Regio AG Bayern;Zug;63403;RERE70;;RE;false;false;8002371;Lindau-Insel;09.09.2026 15:44;09.09.2026 15:44:00;PROGNOSE;09.09.2026 16:00;09.09.2026 16:01:00;PROGNOSE;false;
09.09.2026;80:07____:63403:000;80:07____;DB;DB Regio AG Bayern;Zug;63403;RERE70;;RE;false;false;8002363;Hergatz;09.09.2026 16:14;09.09.2026 16:15:00;PROGNOSE;09.09.2026 16:14;09.09.2026 16:22:00;PROGNOSE;false;
09.09.2026;80:07____:63403:000;80:07____;DB;DB Regio AG Bayern;Zug;63403;RERE70;;RE;false;false;8002357;Heimenkirch;09.09.2026 16:25;09.09.2026 16:28:00;PROGNOSE;09.09.2026 16:25;09.09.2026 16:30:00;PROGNOSE;false;
09.09.2026;80:07____:63403:000;80:07____;DB;DB Regio AG Bayern;Zug;63403;RERE70;;RE;false;false;8002349;Röthenbach (Allgäu);09.09.2026 16:30;09.09.2026 16:35:00;PROGNOSE;09.09.2026 16:31;09.09.2026 16:36:00;PROGNOSE;false;
09.09.2026;80:07____:63403:000;80:07____;DB;DB Regio AG Bayern;Zug;63403;RERE70;;RE;false;false;8002347;Oberstaufen;09.09.2026 16:42;09.09.2026 16:46:00;PROGNOSE;;;;false;
09.09.2026;80:07____:63404:000;80:07____;DB;DB Regio AG Bayern;Zug;63404;RERE70;;RE;false;false;8002347;Oberstaufen;;;;09.09.2026 09:17;09.09.2026 09:03:00;PROGNOSE;false;
09.09.2026;80:07____:63404:000;80:07____;DB;DB Regio AG Bayern;Zug;63404;RERE70;;RE;false;false;8002349;Röthenbach (Allgäu);09.09.2026 09:26;09.09.2026 09:15:00;PROGNOSE;09.09.2026 09:27;09.09.2026 09:16:00;PROGNOSE;false;
09.09.2026;80:07____:63404:000;80:07____;DB;DB Regio AG Bayern;Zug;63404;RERE70;;RE;false;false;8002357;Heimenkirch;09.09.2026 09:31;09.09.2026 09:20:00;PROGNOSE;09.09.2026 09:32;09.09.2026 09:23:00;PROGNOSE;false;
09.09.2026;80:07____:63404:000;80:07____;DB;DB Regio AG Bayern;Zug;63404;RERE70;;RE;false;false;8002363;Hergatz;09.09.2026 09:42;09.09.2026 09:31:00;PROGNOSE;09.09.2026 09:42;09.09.2026 09:34:00;PROGNOSE;false;
09.09.2026;80:07____:63404:000;80:07____;DB;DB Regio AG Bayern;Zug;63404;RERE70;;RE;false;false;8002371;Lindau-Insel;09.09.2026 10:00;09.09.2026 09:52:00;PROGNOSE;09.09.2026 10:16;09.09.2026 10:16:00;PROGNOSE;false;
09.09.2026;80:07____:63404:000;80:07____;DB;DB Regio AG Bayern;Zug;63404;RERE70;;RE;false;false;8002301;Lindau-Reutin;09.09.2026 10:20;09.09.2026 10:19:00;PROGNOSE;;;;false;
09.09.2026;80:07____:63405:000;80:07____;DB;DB Regio AG Bayern;Zug;63405;RERE7;;RE;false;false;8002301;Lindau-Reutin;;;;09.09.2026 08:43;09.09.2026 08:43:00;PROGNOSE;false;
09.09.2026;80:07____:63405:000;80:07____;DB;DB Regio AG Bayern;Zug;63405;RERE7;;RE;false;false;8002371;Lindau-Insel;09.09.2026 08:46;09.09.2026 08:46:00;PROGNOSE;09.09.2026 09:00;09.09.2026 09:01:00;PROGNOSE;false;
09.09.2026;80:07____:63405:000;80:07____;DB;DB Regio AG Bayern;Zug;63405;RERE7;;RE;false;false;8002363;Hergatz;09.09.2026 09:14;09.09.2026 09:14:00;PROGNOSE;09.09.2026 09:14;09.09.2026 09:15:00;PROGNOSE;false;
09.09.2026;80:07____:63405:000;80:07____;DB;DB Regio AG Bayern;Zug;63405;RERE7;;RE;false;false;8002357;Heimenkirch;09.09.2026 09:25;09.09.2026 09:22:00;PROGNOSE;09.09.2026 09:25;09.09.2026 09:25:00;PROGNOSE;false;
09.09.2026;80:07____:63405:000;80:07____;DB;DB Regio AG Bayern;Zug;63405;RERE7;;RE;false;false;8002349;Röthenbach (Allgäu);09.09.2026 09:30;09.09.2026 09:30:00;PROGNOSE;09.09.2026 09:31;09.09.2026 09:31:00;PROGNOSE;false;
09.09.2026;80:07____:63405:000;80:07____;DB;DB Regio AG Bayern;Zug;63405;RERE7;;RE;false;false;8002347;Oberstaufen;09.09.2026 09:42;09.09.2026 09:41:00;PROGNOSE;;;;false;
09.09.2026;80:07____:63406:000;80:07____;DB;DB Regio AG Bayern;Zug;63406;RERE7;;RE;false;false;8002347;Oberstaufen;;;;09.09.2026 14:17;09.09.2026 13:59:00;PROGNOSE;false;
09.09.2026;80:07____:63406:000;80:07____;DB;DB Regio AG Bayern;Zug;63406;RERE7;;RE;false;false;8002349;Röthenbach (Allgäu);09.09.2026 14:26;09.09.2026 14:09:00;PROGNOSE;09.09.2026 14:27;09.09.2026 14:10:00;PROGNOSE;false;
09.09.2026;80:07____:63406:000;80:07____;DB;DB Regio AG Bayern;Zug;63406;RERE7;;RE;false;false;8002357;Heimenkirch;09.09.2026 14:31;09.09.2026 14:14:00;PROGNOSE;09.09.2026 14:32;09.09.2026 14:14:00;PROGNOSE;false;
09.09.2026;80:07____:63406:000;80:07____;DB;DB Regio AG Bayern;Zug;63406;RERE7;;RE;false;false;8002363;Hergatz;09.09.2026 14:42;09.09.2026 14:23:00;PROGNOSE;09.09.2026 14:42;09.09.2026 14:23:00;PROGNOSE;false;
09.09.2026;80:07____:63406:000;80:07____;DB;DB Regio AG Bayern;Zug;63406;RERE7;;RE;false;false;8002371;Lindau-Insel;09.09.2026 15:00;09.09.2026 14:43:00;PROGNOSE;09.09.2026 15:16;09.09.2026 15:21:00;PROGNOSE;false;
09.09.2026;80:07____:63406:000;80:07____;DB;DB Regio AG Bayern;Zug;63406;RERE7;;RE;false;false;8002301;Lindau-Reutin;09.09.2026 15:20;09.09.2026 15:24:00;PROGNOSE;;;;false;
09.09.2026;80:07____:63407:000;80:07____;DB;DB Regio AG Bayern;Zug;63407;RERE7;;RE;false;false;8002301;Lindau-Reutin;;;;09.09.2026 16:43;09.09.2026 16:45:00;PROGNOSE;false;
09.09.2026;80:07____:63407:000;80:07____;DB;DB Regio AG Bayern;Zug;63407;RERE7;;RE;false;false;8002371;Lindau-Insel;09.09.2026 16:46;09.09.2026 16:49:00;PROGNOSE;09.09.2026 17:00;09.09.2026 17:00:00;PROGNOSE;false;
09.09.2026;80:07____:63407:000;80:07____;DB;DB Regio AG Bayern;Zug;63407;RERE7;;RE;false;false;8002363;Hergatz;09.09.2026 17:14;09.09.2026 17:14:00;PROGNOSE;09.09.2026 17:14;09.09.2026 17:15:00;PROGNOSE;false;
09.09.2026;80:07____:63407:000;80:07____;DB;DB Regio AG Bayern;Zug;63407;RERE7;;RE;false;false;8002357;Heimenkirch;09.09.2026 17:25;09.09.2026 17:21:00;PROGNOSE;09.09.2026 17:25;09.09.2026 17:25:00;PROGNOSE;false;
09.09.2026;80:07____:63407:000;80:07____;DB;DB Regio AG Bayern;Zug;63407;RERE7;;RE;false;false;8002349;Röthenbach (Allgäu);09.09.2026 17:30;09.09.2026 17:30:00;PROGNOSE;09.09.2026 17:31;09.09.2026 17:31:00;PROGNOSE;false;
09.09.2026;80:07____:63407:000;80:07____;DB;DB Regio AG Bayern;Zug;63407;RERE7;;RE;false;false;8002347;Oberstaufen;09.09.2026 17:42;09.09.2026 17:41:00;PROGNOSE;;;;false;
09.09.2026;80:07____:63409:000;80:07____;DB;DB Regio AG Bayern;Zug;63409;RERE7;;RE;false;false;8002301;Lindau-Reutin;;;;09.09.2026 10:43;09.09.2026 10:43:00;PROGNOSE;false;
09.09.2026;80:07____:63409:000;80:07____;DB;DB Regio AG Bayern;Zug;63409;RERE7;;RE;false;false;8002371;Lindau-Insel;09.09.2026 10:46;09.09.2026 10:45:00;PROGNOSE;09.09.2026 11:00;09.09.2026 11:01:00;PROGNOSE;false;
09.09.2026;80:07____:63409:000;80:07____;DB;DB Regio AG Bayern;Zug;63409;RERE7;;RE;false;false;8002363;Hergatz;09.09.2026 11:14;09.09.2026 11:14:00;PROGNOSE;09.09.2026 11:14;09.09.2026 11:18:00;PROGNOSE;false;
09.09.2026;80:07____:63409:000;80:07____;DB;DB Regio AG Bayern;Zug;63409;RERE7;;RE;false;false;8002357;Heimenkirch;09.09.2026 11:25;09.09.2026 11:25:00;PROGNOSE;09.09.2026 11:25;09.09.2026 11:27:00;PROGNOSE;false;
09.09.2026;80:07____:63409:000;80:07____;DB;DB Regio AG Bayern;Zug;63409;RERE7;;RE;false;false;8002349;Röthenbach (Allgäu);09.09.2026 11:30;09.09.2026 11:31:00;PROGNOSE;09.09.2026 11:31;09.09.2026 11:32:00;PROGNOSE;false;
09.09.2026;80:07____:63409:000;80:07____;DB;DB Regio AG Bayern;Zug;63409;RERE7;;RE;false;false;8002347;Oberstaufen;09.09.2026 11:42;09.09.2026 11:43:00;PROGNOSE;;;;false;
09.09.2026;80:07____:63410:000;80:07____;DB;DB Regio AG Bayern;Zug;63410;RERE70;;RE;false;false;8002347;Oberstaufen;;;;09.09.2026 21:17;09.09.2026 21:05:00;PROGNOSE;false;
09.09.2026;80:07____:63410:000;80:07____;DB;DB Regio AG Bayern;Zug;63410;RERE70;;RE;false;false;8002349;Röthenbach (Allgäu);09.09.2026 21:26;09.09.2026 21:16:00;PROGNOSE;09.09.2026 21:27;09.09.2026 21:17:00;PROGNOSE;false;
09.09.2026;80:07____:63410:000;80:07____;DB;DB Regio AG Bayern;Zug;63410;RERE70;;RE;false;false;8002357;Heimenkirch;09.09.2026 21:31;09.09.2026 21:21:00;PROGNOSE;09.09.2026 21:32;09.09.2026 21:23:00;PROGNOSE;false;
09.09.2026;80:07____:63410:000;80:07____;DB;DB Regio AG Bayern;Zug;63410;RERE70;;RE;false;false;8002363;Hergatz;09.09.2026 21:42;09.09.2026 21:30:00;PROGNOSE;09.09.2026 21:42;09.09.2026 21:31:00;PROGNOSE;false;
09.09.2026;80:07____:63410:000;80:07____;DB;DB Regio AG Bayern;Zug;63410;RERE70;;RE;false;false;8002371;Lindau-Insel;09.09.2026 22:00;09.09.2026 21:46:00;PROGNOSE;09.09.2026 22:16;09.09.2026 22:17:00;PROGNOSE;false;
09.09.2026;80:07____:63410:000;80:07____;DB;DB Regio AG Bayern;Zug;63410;RERE70;;RE;false;false;8002301;Lindau-Reutin;09.09.2026 22:20;09.09.2026 22:20:00;PROGNOSE;;;;false;
09.09.2026;80:07____:63411:000;80:07____;DB;DB Regio AG Bayern;Zug;63411;RERE70;;RE;false;false;8002301;Lindau-Reutin;;;;09.09.2026 11:40;09.09.2026 11:42:00;PROGNOSE;false;
09.09.2026;80:07____:63411:000;80:07____;DB;DB Regio AG Bayern;Zug;63411;RERE70;;RE;false;false;8002371;Lindau-Insel;09.09.2026 11:43;09.09.2026 11:45:00;PROGNOSE;09.09.2026 11:56;09.09.2026 11:57:00;PROGNOSE;false;
09.09.2026;80:07____:63411:000;80:07____;DB;DB Regio AG Bayern;Zug;63411;RERE70;;RE;false;false;8002363;Hergatz;09.09.2026 12:10;09.09.2026 12:10:00;PROGNOSE;09.09.2026 12:14;09.09.2026 12:21:00;PROGNOSE;false;
09.09.2026;80:07____:63411:000;80:07____;DB;DB Regio AG Bayern;Zug;63411;RERE70;;RE;false;false;8002357;Heimenkirch;09.09.2026 12:25;09.09.2026 12:28:00;PROGNOSE;09.09.2026 12:25;09.09.2026 12:29:00;PROGNOSE;false;
09.09.2026;80:07____:63411:000;80:07____;DB;DB Regio AG Bayern;Zug;63411;RERE70;;RE;false;false;8002349;Röthenbach (Allgäu);09.09.2026 12:30;09.09.2026 12:33:00;PROGNOSE;09.09.2026 12:31;09.09.2026 12:34:00;PROGNOSE;false;
09.09.2026;80:07____:63411:000;80:07____;DB;DB Regio AG Bayern;Zug;63411;RERE70;;RE;false;false;8002347;Oberstaufen;09.09.2026 12:42;09.09.2026 12:44:00;PROGNOSE;;;;false;
09.09.2026;80:07____:63412:000;80:07____;DB;DB Regio AG Bayern;Zug;63412;RERE7;;RE;false;false;8002347;Oberstaufen;;;;09.09.2026 20:17;09.09.2026 19:58:00;PROGNOSE;false;
09.09.2026;80:07____:63412:000;80:07____;DB;DB Regio AG Bayern;Zug;63412;RERE7;;RE;false;false;8002349;Röthenbach (Allgäu);09.09.2026 20:26;09.09.2026 20:09:00;PROGNOSE;09.09.2026 20:27;09.09.2026 20:10:00;PROGNOSE;false;
09.09.2026;80:07____:63412:000;80:07____;DB;DB Regio AG Bayern;Zug;63412;RERE7;;RE;false;false;8002357;Heimenkirch;09.09.2026 20:31;09.09.2026 20:14:00;PROGNOSE;09.09.2026 20:32;09.09.2026 20:16:00;PROGNOSE;false;
09.09.2026;80:07____:63412:000;80:07____;DB;DB Regio AG Bayern;Zug;63412;RERE7;;RE;false;false;8002363;Hergatz;09.09.2026 20:42;09.09.2026 20:22:00;PROGNOSE;09.09.2026 20:42;09.09.2026 20:23:00;PROGNOSE;false;
09.09.2026;80:07____:63412:000;80:07____;DB;DB Regio AG Bayern;Zug;63412;RERE7;;RE;false;false;8002371;Lindau-Insel;09.09.2026 21:00;09.09.2026 20:38:00;PROGNOSE;09.09.2026 21:16;09.09.2026 21:17:00;PROGNOSE;false;
09.09.2026;80:07____:63412:000;80:07____;DB;DB Regio AG Bayern;Zug;63412;RERE7;;RE;false;false;8002301;Lindau-Reutin;09.09.2026 21:20;09.09.2026 21:20:00;PROGNOSE;;;;false;
09.09.2026;80:07____:63413:000;80:07____;DB;DB Regio AG Bayern;Zug;63413;RERE70;;RE;false;false;8002301;Lindau-Reutin;;;;09.09.2026 21:40;09.09.2026 21:40:00;PROGNOSE;false;
09.09.2026;80:07____:63413:000;80:07____;DB;DB Regio AG Bayern;Zug;63413;RERE70;;RE;false;false;8002371;Lindau-Insel;09.09.2026 21:44;09.09.2026 21:44:00;PROGNOSE;09.09.2026 22:00;09.09.2026 22:01:00;PROGNOSE;false;
09.09.2026;80:07____:63413:000;80:07____;DB;DB Regio AG Bayern;Zug;63413;RERE70;;RE;false;false;8002363;Hergatz;09.09.2026 22:14;09.09.2026 22:15:00;PROGNOSE;09.09.2026 22:14;09.09.2026 22:16:00;PROGNOSE;false;
09.09.2026;80:07____:63413:000;80:07____;DB;DB Regio AG Bayern;Zug;63413;RERE70;;RE;false;false;8002357;Heimenkirch;09.09.2026 22:25;09.09.2026 22:23:00;PROGNOSE;09.09.2026 22:25;09.09.2026 22:25:00;PROGNOSE;false;
09.09.2026;80:07____:63413:000;80:07____;DB;DB Regio AG Bayern;Zug;63413;RERE70;;RE;false;false;8002349;Röthenbach (Allgäu);09.09.2026 22:30;09.09.2026 22:30:00;PROGNOSE;09.09.2026 22:31;09.09.2026 22:31:00;PROGNOSE;false;
09.09.2026;80:07____:63413:000;80:07____;DB;DB Regio AG Bayern;Zug;63413;RERE70;;RE;false;false;8002347;Oberstaufen;09.09.2026 22:42;09.09.2026 22:41:00;PROGNOSE;;;;false;
09.09.2026;80:07____:63414:000;80:07____;DB;DB Regio AG Bayern;Zug;63414;RERE70;;RE;false;false;8002347;Oberstaufen;;;;09.09.2026 07:17;09.09.2026 07:03:00;PROGNOSE;false;
09.09.2026;80:07____:63414:000;80:07____;DB;DB Regio AG Bayern;Zug;63414;RERE70;;RE;false;false;8002349;Röthenbach (Allgäu);09.09.2026 07:26;09.09.2026 07:15:00;PROGNOSE;09.09.2026 07:27;09.09.2026 07:16:00;PROGNOSE;false;
09.09.2026;80:07____:63414:000;80:07____;DB;DB Regio AG Bayern;Zug;63414;RERE70;;RE;false;false;8002357;Heimenkirch;09.09.2026 07:31;09.09.2026 07:20:00;PROGNOSE;09.09.2026 07:32;09.09.2026 07:19:00;PROGNOSE;false;
09.09.2026;80:07____:63414:000;80:07____;DB;DB Regio AG Bayern;Zug;63414;RERE70;;RE;false;false;8002363;Hergatz;09.09.2026 07:42;09.09.2026 07:28:00;PROGNOSE;09.09.2026 07:42;09.09.2026 07:29:00;PROGNOSE;false;
09.09.2026;80:07____:63414:000;80:07____;DB;DB Regio AG Bayern;Zug;63414;RERE70;;RE;false;false;8002371;Lindau-Insel;09.09.2026 08:00;09.09.2026 07:44:00;PROGNOSE;09.09.2026 08:17;09.09.2026 08:18:00;PROGNOSE;false;
09.09.2026;80:07____:63414:000;80:07____;DB;DB Regio AG Bayern;Zug;63414;RERE70;;RE;false;false;8002301;Lindau-Reutin;09.09.2026 08:21;09.09.2026 08:24:00;PROGNOSE;;;;false;
09.09.2026;80:07____:63415:000;80:07____;DB;DB Regio AG Bayern;Zug;63415;RERE7;;RE;false;false;8002301;Lindau-Reutin;;;;09.09.2026 12:43;09.09.2026 12:45:00;PROGNOSE;false;
09.09.2026;80:07____:63415:000;80:07____;DB;DB Regio AG Bayern;Zug;63415;RERE7;;RE;false;false;8002371;Lindau-Insel;09.09.2026 12:46;09.09.2026 12:49:00;PROGNOSE;09.09.2026 13:00;09.09.2026 13:02:00;PROGNOSE;false;
09.09.2026;80:07____:63415:000;80:07____;DB;DB Regio AG Bayern;Zug;63415;RERE7;;RE;false;false;8002363;Hergatz;09.09.2026 13:14;09.09.2026 13:17:00;PROGNOSE;09.09.2026 13:14;09.09.2026 13:18:00;PROGNOSE;false;
09.09.2026;80:07____:63415:000;80:07____;DB;DB Regio AG Bayern;Zug;63415;RERE7;;RE;false;false;8002357;Heimenkirch;09.09.2026 13:25;09.09.2026 13:25:00;PROGNOSE;09.09.2026 13:25;09.09.2026 13:27:00;PROGNOSE;false;
09.09.2026;80:07____:63415:000;80:07____;DB;DB Regio AG Bayern;Zug;63415;RERE7;;RE;false;false;8002349;Röthenbach (Allgäu);09.09.2026 13:30;09.09.2026 13:32:00;PROGNOSE;09.09.2026 13:31;09.09.2026 13:33:00;PROGNOSE;false;
09.09.2026;80:07____:63415:000;80:07____;DB;DB Regio AG Bayern;Zug;63415;RERE7;;RE;false;false;8002347;Oberstaufen;09.09.2026 13:42;09.09.2026 13:43:00;PROGNOSE;;;;false;
09.09.2026;80:07____:63416:000;80:07____;DB;DB Regio AG Bayern;Zug;63416;RERE70;;RE;false;false;8002347;Oberstaufen;;;;09.09.2026 17:17;09.09.2026 17:05:00;PROGNOSE;false;
09.09.2026;80:07____:63416:000;80:07____;DB;DB Regio AG Bayern;Zug;63416;RERE70;;RE;false;false;8002349;Röthenbach (Allgäu);09.09.2026 17:26;09.09.2026 17:16:00;PROGNOSE;09.09.2026 17:27;09.09.2026 17:17:00;PROGNOSE;false;
09.09.2026;80:07____:63416:000;80:07____;DB;DB Regio AG Bayern;Zug;63416;RERE70;;RE;false;false;8002357;Heimenkirch;09.09.2026 17:31;09.09.2026 17:21:00;PROGNOSE;09.09.2026 17:32;09.09.2026 17:22:00;PROGNOSE;false;
09.09.2026;80:07____:63416:000;80:07____;DB;DB Regio AG Bayern;Zug;63416;RERE70;;RE;false;false;8002363;Hergatz;09.09.2026 17:42;09.09.2026 17:29:00;PROGNOSE;09.09.2026 17:42;09.09.2026 17:31:00;PROGNOSE;false;
09.09.2026;80:07____:63416:000;80:07____;DB;DB Regio AG Bayern;Zug;63416;RERE70;;RE;false;false;8002371;Lindau-Insel;09.09.2026 18:00;09.09.2026 17:46:00;PROGNOSE;09.09.2026 18:16;09.09.2026 18:16:00;PROGNOSE;false;
09.09.2026;80:07____:63416:000;80:07____;DB;DB Regio AG Bayern;Zug;63416;RERE70;;RE;false;false;8002301;Lindau-Reutin;09.09.2026 18:20;09.09.2026 18:19:00;PROGNOSE;;;;false;
09.09.2026;80:07____:63417:000;80:07____;DB;DB Regio AG Bayern;Zug;63417;RERE70;;RE;false;false;8002301;Lindau-Reutin;;;;09.09.2026 05:40;09.09.2026 05:40:00;PROGNOSE;false;
09.09.2026;80:07____:63417:000;80:07____;DB;DB Regio AG Bayern;Zug;63417;RERE70;;RE;false;false;8002371;Lindau-Insel;09.09.2026 05:45;09.09.2026 05:44:00;PROGNOSE;09.09.2026 06:00;09.09.2026 06:01:00;PROGNOSE;false;
09.09.2026;80:07____:63417:000;80:07____;DB;DB Regio AG Bayern;Zug;63417;RERE70;;RE;false;false;8002363;Hergatz;09.09.2026 06:14;09.09.2026 06:15:00;PROGNOSE;09.09.2026 06:14;09.09.2026 06:16:00;PROGNOSE;false;
09.09.2026;80:07____:63417:000;80:07____;DB;DB Regio AG Bayern;Zug;63417;RERE70;;RE;false;false;8002357;Heimenkirch;09.09.2026 06:25;09.09.2026 06:22:00;PROGNOSE;09.09.2026 06:25;09.09.2026 06:25:00;PROGNOSE;false;
09.09.2026;80:07____:63417:000;80:07____;DB;DB Regio AG Bayern;Zug;63417;RERE70;;RE;false;false;8002349;Röthenbach (Allgäu);09.09.2026 06:30;09.09.2026 06:30:00;PROGNOSE;09.09.2026 06:31;09.09.2026 06:31:00;PROGNOSE;false;
09.09.2026;80:07____:63417:000;80:07____;DB;DB Regio AG Bayern;Zug;63417;RERE70;;RE;false;false;8002347;Oberstaufen;09.09.2026 06:42;09.09.2026 06:41:00;PROGNOSE;;;;false;
09.09.2026;80:07____:63418:000;80:07____;DB;DB Regio AG Bayern;Zug;63418;RERE70;;RE;false;false;8002347;Oberstaufen;;;;09.09.2026 11:17;09.09.2026 11:04:00;PROGNOSE;false;
09.09.2026;80:07____:63418:000;80:07____;DB;DB Regio AG Bayern;Zug;63418;RERE70;;RE;false;false;8002349;Röthenbach (Allgäu);09.09.2026 11:26;09.09.2026 11:15:00;PROGNOSE;09.09.2026 11:27;09.09.2026 11:15:00;PROGNOSE;false;
09.09.2026;80:07____:63418:000;80:07____;DB;DB Regio AG Bayern;Zug;63418;RERE70;;RE;false;false;8002357;Heimenkirch;09.09.2026 11:31;09.09.2026 11:20:00;PROGNOSE;09.09.2026 11:32;09.09.2026 11:20:00;PROGNOSE;false;
09.09.2026;80:07____:63418:000;80:07____;DB;DB Regio AG Bayern;Zug;63418;RERE70;;RE;false;false;8002363;Hergatz;09.09.2026 11:42;09.09.2026 11:28:00;PROGNOSE;09.09.2026 11:42;09.09.2026 11:28:00;PROGNOSE;false;
09.09.2026;80:07____:63418:000;80:07____;DB;DB Regio AG Bayern;Zug;63418;RERE70;;RE;false;false;8002371;Lindau-Insel;09.09.2026 12:00;09.09.2026 11:43:00;PROGNOSE;09.09.2026 12:16;09.09.2026 12:17:00;PROGNOSE;false;
09.09.2026;80:07____:63418:000;80:07____;DB;DB Regio AG Bayern;Zug;63418;RERE70;;RE;false;false;8002301;Lindau-Reutin;09.09.2026 12:21;09.09.2026 12:20:00;PROGNOSE;;;;false;
09.09.2026;80:07____:63419:000;80:07____;DB;DB Regio AG Bayern;Zug;63419;RERE70;;RE;false;false;8002301;Lindau-Reutin;;;;09.09.2026 19:40;09.09.2026 19:42:00;PROGNOSE;false;
09.09.2026;80:07____:63419:000;80:07____;DB;DB Regio AG Bayern;Zug;63419;RERE70;;RE;false;false;8002371;Lindau-Insel;09.09.2026 19:44;09.09.2026 19:45:00;PROGNOSE;09.09.2026 20:00;09.09.2026 20:01:00;PROGNOSE;false;
09.09.2026;80:07____:63419:000;80:07____;DB;DB Regio AG Bayern;Zug;63419;RERE70;;RE;false;false;8002363;Hergatz;09.09.2026 20:14;09.09.2026 20:16:00;PROGNOSE;09.09.2026 20:14;09.09.2026 20:17:00;PROGNOSE;false;
09.09.2026;80:07____:63419:000;80:07____;DB;DB Regio AG Bayern;Zug;63419;RERE70;;RE;false;false;8002357;Heimenkirch;09.09.2026 20:25;09.09.2026 20:24:00;PROGNOSE;09.09.2026 20:25;09.09.2026 20:26:00;PROGNOSE;false;
09.09.2026;80:07____:63419:000;80:07____;DB;DB Regio AG Bayern;Zug;63419;RERE70;;RE;false;false;8002349;Röthenbach (Allgäu);09.09.2026 20:30;09.09.2026 20:31:00;PROGNOSE;09.09.2026 20:31;09.09.2026 20:32:00;PROGNOSE;false;
09.09.2026;80:07____:63419:000;80:07____;DB;DB Regio AG Bayern;Zug;63419;RERE70;;RE;false;false;8002347;Oberstaufen;09.09.2026 20:42;09.09.2026 20:42:00;PROGNOSE;;;;false;
09.09.2026;80:07____:63420:000;80:07____;DB;DB Regio AG Bayern;Zug;63420;RERE7;;RE;false;false;8002347;Oberstaufen;;;;09.09.2026 22:17;09.09.2026 21:57:00;PROGNOSE;false;
09.09.2026;80:07____:63420:000;80:07____;DB;DB Regio AG Bayern;Zug;63420;RERE7;;RE;false;false;8002349;Röthenbach (Allgäu);09.09.2026 22:26;09.09.2026 22:10:00;PROGNOSE;09.09.2026 22:27;09.09.2026 22:10:00;PROGNOSE;false;
09.09.2026;80:07____:63420:000;80:07____;DB;DB Regio AG Bayern;Zug;63420;RERE7;;RE;false;false;8002357;Heimenkirch;09.09.2026 22:31;09.09.2026 22:15:00;PROGNOSE;09.09.2026 22:32;09.09.2026 22:16:00;PROGNOSE;false;
09.09.2026;80:07____:63420:000;80:07____;DB;DB Regio AG Bayern;Zug;63420;RERE7;;RE;false;false;8002363;Hergatz;09.09.2026 22:42;09.09.2026 22:24:00;PROGNOSE;09.09.2026 22:42;09.09.2026 22:25:00;PROGNOSE;false;
09.09.2026;80:07____:63420:000;80:07____;DB;DB Regio AG Bayern;Zug;63420;RERE7;;RE;false;false;8002371;Lindau-Insel;09.09.2026 23:01;09.09.2026 22:40:00;PROGNOSE;09.09.2026 23:37;09.09.2026 23:38:00;PROGNOSE;false;
09.09.2026;80:07____:63420:000;80:07____;DB;DB Regio AG Bayern;Zug;63420;RERE7;;RE;false;false;8002301;Lindau-Reutin;09.09.2026 23:43;09.09.2026 23:42:00;PROGNOSE;;;;false;
09.09.2026;80:07____:63421:000;80:07____;DB;DB Regio AG Bayern;Zug;63421;RERE7;;RE;false;false;8002301;Lindau-Reutin;;;;09.09.2026 06:47;09.09.2026 06:48:00;PROGNOSE;false;
09.09.2026;80:07____:63421:000;80:07____;DB;DB Regio AG Bayern;Zug;63421;RERE7;;RE;false;false;8002371;Lindau-Insel;09.09.2026 06:50;09.09.2026 06:52:00;PROGNOSE;09.09.2026 06:57;09.09.2026 06:58:00;PROGNOSE;false;
09.09.2026;80:07____:63421:000;80:07____;DB;DB Regio AG Bayern;Zug;63421;RERE7;;RE;false;false;8002363;Hergatz;09.09.2026 07:14;09.09.2026 07:13:00;PROGNOSE;09.09.2026 07:14;09.09.2026 07:14:00;PROGNOSE;false;
09.09.2026;80:07____:63421:000;80:07____;DB;DB Regio AG Bayern;Zug;63421;RERE7;;RE;false;false;8002357;Heimenkirch;09.09.2026 07:25;09.09.2026 07:21:00;PROGNOSE;09.09.2026 07:25;09.09.2026 07:26:00;PROGNOSE;false;
09.09.2026;80:07____:63421:000;80:07____;DB;DB Regio AG Bayern;Zug;63421;RERE7;;RE;false;false;8002349;Röthenbach (Allgäu);09.09.2026 07:30;09.09.2026 07:31:00;PROGNOSE;09.09.2026 07:31;09.09.2026 07:32:00;PROGNOSE;false;
09.09.2026;80:07____:63421:000;80:07____;DB;DB Regio AG Bayern;Zug;63421;RERE7;;RE;false;false;8002347;Oberstaufen;09.09.2026 07:42;09.09.2026 07:42:00;PROGNOSE;;;;false;
09.09.2026;80:07____:63422:000;80:07____;DB;DB Regio AG Bayern;Zug;63422;RERE7;;RE;false;false;8002347;Oberstaufen;;;;09.09.2026 08:17;09.09.2026 07:59:00;PROGNOSE;false;
09.09.2026;80:07____:63422:000;80:07____;DB;DB Regio AG Bayern;Zug;63422;RERE7;;RE;false;false;8002349;Röthenbach (Allgäu);09.09.2026 08:26;09.09.2026 08:11:00;PROGNOSE;09.09.2026 08:27;09.09.2026 08:12:00;PROGNOSE;false;
09.09.2026;80:07____:63422:000;80:07____;DB;DB Regio AG Bayern;Zug;63422;RERE7;;RE;false;false;8002357;Heimenkirch;09.09.2026 08:31;09.09.2026 08:17:00;PROGNOSE;09.09.2026 08:32;09.09.2026 08:19:00;PROGNOSE;false;
09.09.2026;80:07____:63422:000;80:07____;DB;DB Regio AG Bayern;Zug;63422;RERE7;;RE;false;false;8002363;Hergatz;09.09.2026 08:42;09.09.2026 08:25:00;PROGNOSE;09.09.2026 08:42;09.09.2026 08:26:00;PROGNOSE;false;
09.09.2026;80:07____:63422:000;80:07____;DB;DB Regio AG Bayern;Zug;63422;RERE7;;RE;false;false;8002371;Lindau-Insel;09.09.2026 09:00;09.09.2026 08:42:00;PROGNOSE;09.09.2026 09:09;09.09.2026 09:10:00;PROGNOSE;false;
09.09.2026;80:07____:63422:000;80:07____;DB;DB Regio AG Bayern;Zug;63422;RERE7;;RE;false;false;8002301;Lindau-Reutin;09.09.2026 09:15;09.09.2026 09:15:00;PROGNOSE;;;;false;
09.09.2026;80:07____:63423:000;80:07____;DB;DB Regio AG Bayern;Zug;63423;RERE7;;RE;false;false;8002301;Lindau-Reutin;;;;09.09.2026 20:43;09.09.2026 20:44:00;PROGNOSE;false;
09.09.2026;80:07____:63423:000;80:07____;DB;DB Regio AG Bayern;Zug;63423;RERE7;;RE;false;false;8002371;Lindau-Insel;09.09.2026 20:46;09.09.2026 20:48:00;PROGNOSE;09.09.2026 21:00;09.09.2026 21:01:00;PROGNOSE;false;
09.09.2026;80:07____:63423:000;80:07____;DB;DB Regio AG Bayern;Zug;63423;RERE7;;RE;false;false;8002363;Hergatz;09.09.2026 21:14;09.09.2026 21:15:00;PROGNOSE;09.09.2026 21:14;09.09.2026 21:16:00;PROGNOSE;false;
09.09.2026;80:07____:63423:000;80:07____;DB;DB Regio AG Bayern;Zug;63423;RERE7;;RE;false;false;8002357;Heimenkirch;09.09.2026 21:25;09.09.2026 21:23:00;PROGNOSE;09.09.2026 21:25;09.09.2026 21:26:00;PROGNOSE;false;
09.09.2026;80:07____:63423:000;80:07____;DB;DB Regio AG Bayern;Zug;63423;RERE7;;RE;false;false;8002349;Röthenbach (Allgäu);09.09.2026 21:30;09.09.2026 21:31:00;PROGNOSE;09.09.2026 21:31;09.09.2026 21:31:00;PROGNOSE;false;
09.09.2026;80:07____:63423:000;80:07____;DB;DB Regio AG Bayern;Zug;63423;RERE7;;RE;false;false;8002347;Oberstaufen;09.09.2026 21:42;09.09.2026 21:41:00;PROGNOSE;;;;false;
09.09.2026;80:07____:63424:000;80:07____;DB;DB Regio AG Bayern;Zug;63424;RERE7;;RE;false;false;8002347;Oberstaufen;;;;09.09.2026 12:17;09.09.2026 11:58:00;PROGNOSE;false;
09.09.2026;80:07____:63424:000;80:07____;DB;DB Regio AG Bayern;Zug;63424;RERE7;;RE;false;false;8002349;Röthenbach (Allgäu);09.09.2026 12:26;09.09.2026 12:10:00;PROGNOSE;09.09.2026 12:27;09.09.2026 12:11:00;PROGNOSE;false;
09.09.2026;80:07____:63424:000;80:07____;DB;DB Regio AG Bayern;Zug;63424;RERE7;;RE;false;false;8002357;Heimenkirch;09.09.2026 12:31;09.09.2026 12:16:00;PROGNOSE;09.09.2026 12:32;09.09.2026 12:19:00;PROGNOSE;false;
09.09.2026;80:07____:63424:000;80:07____;DB;DB Regio AG Bayern;Zug;63424;RERE7;;RE;false;false;8002363;Hergatz;09.09.2026 12:42;09.09.2026 12:25:00;PROGNOSE;09.09.2026 12:42;09.09.2026 12:26:00;PROGNOSE;false;
09.09.2026;80:07____:63424:000;80:07____;DB;DB Regio AG Bayern;Zug;63424;RERE7;;RE;false;false;8002371;Lindau-Insel;09.09.2026 13:00;09.09.2026 12:45:00;PROGNOSE;09.09.2026 13:16;09.09.2026 13:17:00;PROGNOSE;false;
09.09.2026;80:07____:63424:000;80:07____;DB;DB Regio AG Bayern;Zug;63424;RERE7;;RE;false;false;8002301;Lindau-Reutin;09.09.2026 13:20;09.09.2026 13:20:00;PROGNOSE;;;;false;
09.09.2026;80:07____:63425:000;80:07____;DB;DB Regio AG Bayern;Zug;63425;RERE7;;RE;false;false;8002301;Lindau-Reutin;;;;09.09.2026 04:42;09.09.2026 04:42:00;PROGNOSE;false;
09.09.2026;80:07____:63425:000;80:07____;DB;DB Regio AG Bayern;Zug;63425;RERE7;;RE;false;false;8002371;Lindau-Insel;09.09.2026 04:46;09.09.2026 04:46:00;PROGNOSE;09.09.2026 04:54;09.09.2026 04:55:00;PROGNOSE;false;
09.09.2026;80:07____:63425:000;80:07____;DB;DB Regio AG Bayern;Zug;63425;RERE7;;RE;false;false;8002363;Hergatz;09.09.2026 05:08;09.09.2026 05:08:00;PROGNOSE;09.09.2026 05:08;09.09.2026 05:09:00;PROGNOSE;false;
09.09.2026;80:07____:63425:000;80:07____;DB;DB Regio AG Bayern;Zug;63425;RERE7;;RE;false;false;8002357;Heimenkirch;09.09.2026 05:19;09.09.2026 05:16:00;PROGNOSE;09.09.2026 05:19;09.09.2026 05:20:00;PROGNOSE;false;
09.09.2026;80:07____:63425:000;80:07____;DB;DB Regio AG Bayern;Zug;63425;RERE7;;RE;false;false;8002349;Röthenbach (Allgäu);09.09.2026 05:24;09.09.2026 05:25:00;PROGNOSE;09.09.2026 05:25;09.09.2026 05:25:00;PROGNOSE;false;
09.09.2026;80:07____:63425:000;80:07____;DB;DB Regio AG Bayern;Zug;63425;RERE7;;RE;false;false;8002347;Oberstaufen;09.09.2026 05:36;09.09.2026 05:35:00;PROGNOSE;;;;false;
09.09.2026;80:07____:63426:000;80:07____;DB;DB Regio AG Bayern;Zug;63426;RERE70;;RE;false;false;8002347;Oberstaufen;;;;09.09.2026 19:17;09.09.2026 19:04:00;PROGNOSE;false;
09.09.2026;80:07____:63426:000;80:07____;DB;DB Regio AG Bayern;Zug;63426;RERE70;;RE;false;false;8002349;Röthenbach (Allgäu);09.09.2026 19:26;09.09.2026 19:16:00;PROGNOSE;09.09.2026 19:27;09.09.2026 19:17:00;PROGNOSE;false;
09.09.2026;80:07____:63426:000;80:07____;DB;DB Regio AG Bayern;Zug;63426;RERE70;;RE;false;false;8002357;Heimenkirch;09.09.2026 19:31;09.09.2026 19:21:00;PROGNOSE;09.09.2026 19:32;09.09.2026 19:23:00;PROGNOSE;false;
09.09.2026;80:07____:63426:000;80:07____;DB;DB Regio AG Bayern;Zug;63426;RERE70;;RE;false;false;8002363;Hergatz;09.09.2026 19:42;09.09.2026 19:30:00;PROGNOSE;09.09.2026 19:42;09.09.2026 19:31:00;PROGNOSE;false;
09.09.2026;80:07____:63426:000;80:07____;DB;DB Regio AG Bayern;Zug;63426;RERE70;;RE;false;false;8002371;Lindau-Insel;09.09.2026 20:00;09.09.2026 19:48:00;PROGNOSE;09.09.2026 20:16;09.09.2026 20:16:00;PROGNOSE;false;
09.09.2026;80:07____:63426:000;80:07____;DB;DB Regio AG Bayern;Zug;63426;RERE70;;RE;false;false;8002301;Lindau-Reutin;09.09.2026 20:20;09.09.2026 20:19:00;PROGNOSE;;;;false;
09.09.2026;80:07____:63427:000;80:07____;DB;DB Regio AG Bayern;Zug;63427;RERE70;;RE;false;false;8002301;Lindau-Reutin;;;;09.09.2026 07:40;09.09.2026 07:41:00;PROGNOSE;false;
09.09.2026;80:07____:63427:000;80:07____;DB;DB Regio AG Bayern;Zug;63427;RERE70;;RE;false;false;8002371;Lindau-Insel;09.09.2026 07:43;09.09.2026 07:46:00;PROGNOSE;09.09.2026 08:00;09.09.2026 08:00:00;PROGNOSE;false;
09.09.2026;80:07____:63427:000;80:07____;DB;DB Regio AG Bayern;Zug;63427;RERE70;;RE;false;false;8002363;Hergatz;09.09.2026 08:14;09.09.2026 08:17:00;PROGNOSE;09.09.2026 08:14;09.09.2026 08:18:00;PROGNOSE;false;
09.09.2026;80:07____:63427:000;80:07____;DB;DB Regio AG Bayern;Zug;63427;RERE70;;RE;false;false;8002357;Heimenkirch;09.09.2026 08:25;09.09.2026 08:25:00;PROGNOSE;09.09.2026 08:25;09.09.2026 08:27:00;PROGNOSE;false;
09.09.2026;80:07____:63427:000;80:07____;DB;DB Regio AG Bayern;Zug;63427;RERE70;;RE;false;false;8002349;Röthenbach (Allgäu);09.09.2026 08:30;09.09.2026 08:31:00;PROGNOSE;09.09.2026 08:31;09.09.2026 08:32:00;PROGNOSE;false;
09.09.2026;80:07____:63427:000;80:07____;DB;DB Regio AG Bayern;Zug;63427;RERE70;;RE;false;false;8002347;Oberstaufen;09.09.2026 08:42;09.09.2026 08:42:00;PROGNOSE;;;;false;
09.09.2026;80:07____:63428:000;80:07____;DB;DB Regio AG Bayern;Zug;63428;RERE70;;RE;false;false;8002347;Oberstaufen;;;;09.09.2026 13:17;09.09.2026 13:04:00;PROGNOSE;false;
09.09.2026;80:07____:63428:000;80:07____;DB;DB Regio AG Bayern;Zug;63428;RERE70;;RE;false;false;8002349;Röthenbach (Allgäu);09.09.2026 13:26;09.09.2026 13:15:00;PROGNOSE;09.09.2026 13:27;09.09.2026 13:16:00;PROGNOSE;false;
09.09.2026;80:07____:63428:000;80:07____;DB;DB Regio AG Bayern;Zug;63428;RERE70;;RE;false;false;8002357;Heimenkirch;09.09.2026 13:31;09.09.2026 13:21:00;PROGNOSE;09.09.2026 13:32;09.09.2026 13:21:00;PROGNOSE;false;
09.09.2026;80:07____:63428:000;80:07____;DB;DB Regio AG Bayern;Zug;63428;RERE70;;RE;false;false;8002363;Hergatz;09.09.2026 13:42;09.09.2026 13:29:00;PROGNOSE;09.09.2026 13:42;09.09.2026 13:30:00;PROGNOSE;false;
09.09.2026;80:07____:63428:000;80:07____;DB;DB Regio AG Bayern;Zug;63428;RERE70;;RE;false;false;8002371;Lindau-Insel;09.09.2026 14:00;09.09.2026 13:47:00;PROGNOSE;09.09.2026 14:16;09.09.2026 14:16:00;PROGNOSE;false;
09.09.2026;80:07____:63428:000;80:07____;DB;DB Regio AG Bayern;Zug;63428;RERE70;;RE;false;false;8002301;Lindau-Reutin;09.09.2026 14:22;09.09.2026 14:19:00;PROGNOSE;;;;false;
09.09.2026;80:07____:63429:000;80:07____;DB;DB Regio AG Bayern;Zug;63429;RERE7;;RE;false;false;8002301;Lindau-Reutin;;;;09.09.2026 18:43;09.09.2026 18:44:00;PROGNOSE;false;
09.09.2026;80:07____:63429:000;80:07____;DB;DB Regio AG Bayern;Zug;63429;RERE7;;RE;false;false;8002371;Lindau-Insel;09.09.2026 18:46;09.09.2026 18:47:00;PROGNOSE;09.09.2026 19:00;09.09.2026 19:00:00;PROGNOSE;false;
09.09.2026;80:07____:63429:000;80:07____;DB;DB Regio AG Bayern;Zug;63429;RERE7;;RE;false;false;8002363;Hergatz;09.09.2026 19:14;09.09.2026 19:14:00;PROGNOSE;09.09.2026 19:14;09.09.2026 19:15:00;PROGNOSE;false;
09.09.2026;80:07____:63429:000;80:07____;DB;DB Regio AG Bayern;Zug;63429;RERE7;;RE;false;false;8002357;Heimenkirch;09.09.2026 19:25;09.09.2026 19:22:00;PROGNOSE;09.09.2026 19:25;09.09.2026 19:26:00;PROGNOSE;false;
09.09.2026;80:07____:63429:000;80:07____;DB;DB Regio AG Bayern;Zug;63429;RERE7;;RE;false;false;8002349;Röthenbach (Allgäu);09.09.2026 19:30;09.09.2026 19:30:00;PROGNOSE;09.09.2026 19:31;09.09.2026 19:31:00;PROGNOSE;false;
09.09.2026;80:07____:63429:000;80:07____;DB;DB Regio AG Bayern;Zug;63429;RERE7;;RE;false;false;8002347;Oberstaufen;09.09.2026 19:42;09.09.2026 19:41:00;PROGNOSE;;;;false;
09.09.2026;80:07____:63430:000;80:07____;DB;DB Regio AG Bayern;Zug;63430;RERE7;;RE;false;false;8002347;Oberstaufen;;;;09.09.2026 18:17;09.09.2026 17:59:00;PROGNOSE;false;
09.09.2026;80:07____:63430:000;80:07____;DB;DB Regio AG Bayern;Zug;63430;RERE7;;RE;false;false;8002349;Röthenbach (Allgäu);09.09.2026 18:26;09.09.2026 18:09:00;PROGNOSE;09.09.2026 18:27;09.09.2026 18:10:00;PROGNOSE;false;
09.09.2026;80:07____:63430:000;80:07____;DB;DB Regio AG Bayern;Zug;63430;RERE7;;RE;false;false;8002357;Heimenkirch;09.09.2026 18:31;09.09.2026 18:15:00;PROGNOSE;09.09.2026 18:32;09.09.2026 18:15:00;PROGNOSE;false;
09.09.2026;80:07____:63430:000;80:07____;DB;DB Regio AG Bayern;Zug;63430;RERE7;;RE;false;false;8002363;Hergatz;09.09.2026 18:42;09.09.2026 18:24:00;PROGNOSE;09.09.2026 18:42;09.09.2026 18:24:00;PROGNOSE;false;
09.09.2026;80:07____:63430:000;80:07____;DB;DB Regio AG Bayern;Zug;63430;RERE7;;RE;false;false;8002371;Lindau-Insel;09.09.2026 19:00;09.09.2026 18:42:00;PROGNOSE;09.09.2026 19:16;09.09.2026 19:17:00;PROGNOSE;false;
09.09.2026;80:07____:63430:000;80:07____;DB;DB Regio AG Bayern;Zug;63430;RERE7;;RE;false;false;8002301;Lindau-Reutin;09.09.2026 19:20;09.09.2026 19:20:00;PROGNOSE;;;;false;
09.09.2026;80:07____:63431:000;80:07____;DB;DB Regio AG Bayern;Zug;63431;RERE70;;RE;false;false;8002301;Lindau-Reutin;;;;09.09.2026 13:41;09.09.2026 13:41:00;PROGNOSE;false;
09.09.2026;80:07____:63431:000;80:07____;DB;DB Regio AG Bayern;Zug;63431;RERE70;;RE;false;false;8002371;Lindau-Insel;09.09.2026 13:44;09.09.2026 13:44:00;PROGNOSE;09.09.2026 14:00;09.09.2026 14:01:00;PROGNOSE;false;
09.09.2026;80:07____:63431:000;80:07____;DB;DB Regio AG Bayern;Zug;63431;RERE70;;RE;false;false;8002363;Hergatz;09.09.2026 14:14;09.09.2026 14:15:00;PROGNOSE;09.09.2026 14:14;09.09.2026 14:16:00;PROGNOSE;false;
09.09.2026;80:07____:63431:000;80:07____;DB;DB Regio AG Bayern;Zug;63431;RERE70;;RE;false;false;8002357;Heimenkirch;09.09.2026 14:25;09.09.2026 14:22:00;PROGNOSE;09.09.2026 14:25;09.09.2026 14:26:00;PROGNOSE;false;
09.09.2026;80:07____:63431:000;80:07____;DB;DB Regio AG Bayern;Zug;63431;RERE70;;RE;false;false;8002349;Röthenbach (Allgäu);09.09.2026 14:30;09.09.2026 14:30:00;PROGNOSE;09.09.2026 14:31;09.09.2026 14:32:00;PROGNOSE;false;
09.09.2026;80:07____:63431:000;80:07____;DB;DB Regio AG Bayern;Zug;63431;RERE70;;RE;false;false;8002347;Oberstaufen;09.09.2026 14:42;09.09.2026 14:42:00;PROGNOSE;;;;false;
09.09.2026;80:07____:63432:000;80:07____;DB;DB Regio AG Bayern;Zug;63432;RERE7;;RE;false;false;8002347;Oberstaufen;;;;09.09.2026 10:17;09.09.2026 09:58:00;PROGNOSE;false;
09.09.2026;80:07____:63432:000;80:07____;DB;DB Regio AG Bayern;Zug;63432;RERE7;;RE;false;false;8002349;Röthenbach (Allgäu);09.09.2026 10:26;09.09.2026 10:09:00;PROGNOSE;09.09.2026 10:27;09.09.2026 10:10:00;PROGNOSE;false;
09.09.2026;80:07____:63432:000;80:07____;DB;DB Regio AG Bayern;Zug;63432;RERE7;;RE;false;false;8002357;Heimenkirch;09.09.2026 10:31;09.09.2026 10:15:00;PROGNOSE;09.09.2026 10:32;09.09.2026 10:17:00;PROGNOSE;false;
09.09.2026;80:07____:63432:000;80:07____;DB;DB Regio AG Bayern;Zug;63432;RERE7;;RE;false;false;8002363;Hergatz;09.09.2026 10:42;09.09.2026 10:24:00;PROGNOSE;09.09.2026 10:42;09.09.2026 10:24:00;PROGNOSE;false;
09.09.2026;80:07____:63432:000;80:07____;DB;DB Regio AG Bayern;Zug;63432;RERE7;;RE;false;false;8002371;Lindau-Insel;09.09.2026 11:00;09.09.2026 10:43:00;PROGNOSE;09.09.2026 11:16;09.09.2026 11:17:00;PROGNOSE;false;
09.09.2026;80:07____:63432:000;80:07____;DB;DB Regio AG Bayern;Zug;63432;RERE7;;RE;false;false;8002301;Lindau-Reutin;09.09.2026 11:20;09.09.2026 11:20:00;PROGNOSE;;;;false;
09.09.2026;80:07____:63433:000;80:07____;DB;DB Regio AG Bayern;Zug;63433;RERE7;;RE;false;false;8002301;Lindau-Reutin;;;;09.09.2026 14:43;09.09.2026 14:43:00;PROGNOSE;false;
09.09.2026;80:07____:63433:000;80:07____;DB;DB Regio AG Bayern;Zug;63433;RERE7;;RE;false;false;8002371;Lindau-Insel;09.09.2026 14:46;09.09.2026 14:46:00;PROGNOSE;09.09.2026 15:00;09.09.2026 15:01:00;PROGNOSE;false;
09.09.2026;80:07____:63433:000;80:07____;DB;DB Regio AG Bayern;Zug;63433;RERE7;;RE;false;false;8002363;Hergatz;09.09.2026 15:14;09.09.2026 15:15:00;PROGNOSE;09.09.2026 15:14;09.09.2026 15:16:00;PROGNOSE;false;
09.09.2026;80:07____:63433:000;80:07____;DB;DB Regio AG Bayern;Zug;63433;RERE7;;RE;false;false;8002357;Heimenkirch;09.09.2026 15:25;09.09.2026 15:22:00;PROGNOSE;09.09.2026 15:25;09.09.2026 15:26:00;PROGNOSE;false;
09.09.2026;80:07____:63433:000;80:07____;DB;DB Regio AG Bayern;Zug;63433;RERE7;;RE;false;false;8002349;Röthenbach (Allgäu);09.09.2026 15:30;09.09.2026 15:31:00;PROGNOSE;09.09.2026 15:31;09.09.2026 15:32:00;PROGNOSE;false;
09.09.2026;80:07____:63433:000;80:07____;DB;DB Regio AG Bayern;Zug;63433;RERE7;;RE;false;false;8002347;Oberstaufen;09.09.2026 15:42;09.09.2026 15:42:00;PROGNOSE;;;;false;
09.09.2026;80:07____:63434:000;80:07____;DB;DB Regio AG Bayern;Zug;63434;RERE7;;RE;false;false;8002347;Oberstaufen;;;;09.09.2026 16:17;09.09.2026 15:58:00;PROGNOSE;false;
09.09.2026;80:07____:63434:000;80:07____;DB;DB Regio AG Bayern;Zug;63434;RERE7;;RE;false;false;8002349;Röthenbach (Allgäu);09.09.2026 16:26;09.09.2026 16:09:00;PROGNOSE;09.09.2026 16:27;09.09.2026 16:10:00;PROGNOSE;false;
09.09.2026;80:07____:63434:000;80:07____;DB;DB Regio AG Bayern;Zug;63434;RERE7;;RE;false;false;8002357;Heimenkirch;09.09.2026 16:31;09.09.2026 16:15:00;PROGNOSE;09.09.2026 16:32;09.09.2026 16:17:00;PROGNOSE;false;
09.09.2026;80:07____:63434:000;80:07____;DB;DB Regio AG Bayern;Zug;63434;RERE7;;RE;false;false;8002363;Hergatz;09.09.2026 16:42;09.09.2026 16:24:00;PROGNOSE;09.09.2026 16:42;09.09.2026 16:24:00;PROGNOSE;false;
09.09.2026;80:07____:63434:000;80:07____;DB;DB Regio AG Bayern;Zug;63434;RERE7;;RE;false;false;8002371;Lindau-Insel;09.09.2026 17:00;09.09.2026 16:45:00;PROGNOSE;09.09.2026 17:16;09.09.2026 17:16:00;PROGNOSE;false;
09.09.2026;80:07____:63434:000;80:07____;DB;DB Regio AG Bayern;Zug;63434;RERE7;;RE;false;false;8002301;Lindau-Reutin;09.09.2026 17:20;09.09.2026 17:19:00;PROGNOSE;;;;false;
09.09.2026;80:07____:63435:000;80:07____;DB;DB Regio AG Bayern;Zug;63435;RERE70;;RE;false;false;8002301;Lindau-Reutin;;;;09.09.2026 17:40;09.09.2026 17:41:00;PROGNOSE;false;
09.09.2026;80:07____:63435:000;80:07____;DB;DB Regio AG Bayern;Zug;63435;RERE70;;RE;false;false;8002371;Lindau-Insel;09.09.2026 17:43;09.09.2026 17:43:00;PROGNOSE;09.09.2026 18:00;09.09.2026 18:00:00;PROGNOSE;false;
09.09.2026;80:07____:63435:000;80:07____;DB;DB Regio AG Bayern;Zug;63435;RERE70;;RE;false;false;8002363;Hergatz;09.09.2026 18:14;09.09.2026 18:14:00;PROGNOSE;09.09.2026 18:14;09.09.2026 18:15:00;PROGNOSE;false;
09.09.2026;80:07____:63435:000;80:07____;DB;DB Regio AG Bayern;Zug;63435;RERE70;;RE;false;false;8002357;Heimenkirch;09.09.2026 18:25;09.09.2026 18:22:00;PROGNOSE;09.09.2026 18:25;09.09.2026 18:25:00;PROGNOSE;false;
09.09.2026;80:07____:63435:000;80:07____;DB;DB Regio AG Bayern;Zug;63435;RERE70;;RE;false;false;8002349;Röthenbach (Allgäu);09.09.2026 18:30;09.09.2026 18:30:00;PROGNOSE;09.09.2026 18:31;09.09.2026 18:32:00;PROGNOSE;false;
09.09.2026;80:07____:63435:000;80:07____;DB;DB Regio AG Bayern;Zug;63435;RERE70;;RE;false;false;8002347;Oberstaufen;09.09.2026 18:42;09.09.2026 18:43:00;PROGNOSE;;;;false;
09.09.2026;80:800631:17232:000;80:800631;DB;DB Regio AG Baden-Württemberg;Zug;17232;RB;;RB;false;false;8014462;Rheinfelden (Baden);;;;09.09.2026 06:09;09.09.2026 06:09:00;PROGNOSE;false;
09.09.2026;80:800631:17232:000;80:800631;DB;DB Regio AG Baden-Württemberg;Zug;17232;RB;;RB;false;false;8014460;Herten (Baden);09.09.2026 06:12;09.09.2026 06:12:00;PROGNOSE;09.09.2026 06:12;09.09.2026 06:13:00;PROGNOSE;false;
09.09.2026;80:800631:17232:000;80:800631;DB;DB Regio AG Baden-Württemberg;Zug;17232;RB;;RB;false;false;8014459;Wyhlen;09.09.2026 06:16;09.09.2026 06:16:00;PROGNOSE;09.09.2026 06:16;09.09.2026 06:17:00;PROGNOSE;false;
09.09.2026;80:800631:17232:000;80:800631;DB;DB Regio AG Baden-Württemberg;Zug;17232;RB;;RB;false;false;8014458;Grenzach;09.09.2026 06:19;09.09.2026 06:20:00;PROGNOSE;09.09.2026 06:20;09.09.2026 06:20:00;PROGNOSE;false;
09.09.2026;80:800631:17232:000;80:800631;DB;DB Regio AG Baden-Württemberg;Zug;17232;RB;;RB;false;false;8500090;Basel Bad Bf;09.09.2026 06:25;09.09.2026 06:25:00;PROGNOSE;;;;false;ch:1:sloid:90
09.09.2026;80:800631:17233:000;80:800631;DB;DB Regio AG Baden-Württemberg;Zug;17233;RB;;RB;false;false;8500090;Basel Bad Bf;;;;09.09.2026 05:30;09.09.2026 05:30:00;PROGNOSE;false;ch:1:sloid:90
09.09.2026;80:800631:17233:000;80:800631;DB;DB Regio AG Baden-Württemberg;Zug;17233;RB;;RB;false;false;8014458;Grenzach;09.09.2026 05:34;09.09.2026 05:34:00;PROGNOSE;09.09.2026 05:35;09.09.2026 05:35:00;PROGNOSE;false;
09.09.2026;80:800631:17233:000;80:800631;DB;DB Regio AG Baden-Württemberg;Zug;17233;RB;;RB;false;false;8014459;Wyhlen;09.09.2026 05:37;09.09.2026 05:37:00;PROGNOSE;09.09.2026 05:38;09.09.2026 05:38:00;PROGNOSE;false;
09.09.2026;80:800631:17233:000;80:800631;DB;DB Regio AG Baden-Württemberg;Zug;17233;RB;;RB;false;false;8014460;Herten (Baden);09.09.2026 05:41;09.09.2026 05:41:00;PROGNOSE;09.09.2026 05:41;09.09.2026 05:42:00;PROGNOSE;false;
09.09.2026;80:800631:17233:000;80:800631;DB;DB Regio AG Baden-Württemberg;Zug;17233;RB;;RB;false;false;8014462;Rheinfelden (Baden);09.09.2026 05:45;09.09.2026 05:45:00;PROGNOSE;;;;false;
09.09.2026;80:800631:17234:000;80:800631;DB;DB Regio AG Baden-Württemberg;Zug;17234;RB;;RB;false;false;8014462;Rheinfelden (Baden);;;;09.09.2026 07:09;09.09.2026 07:09:00;PROGNOSE;false;
09.09.2026;80:800631:17234:000;80:800631;DB;DB Regio AG Baden-Württemberg;Zug;17234;RB;;RB;false;false;8014460;Herten (Baden);09.09.2026 07:12;09.09.2026 07:12:00;PROGNOSE;09.09.2026 07:12;09.09.2026 07:12:00;PROGNOSE;false;
09.09.2026;80:800631:17234:000;80:800631;DB;DB Regio AG Baden-Württemberg;Zug;17234;RB;;RB;false;false;8014459;Wyhlen;09.09.2026 07:15;09.09.2026 07:15:00;PROGNOSE;09.09.2026 07:16;09.09.2026 07:17:00;PROGNOSE;false;
09.09.2026;80:800631:17234:000;80:800631;DB;DB Regio AG Baden-Württemberg;Zug;17234;RB;;RB;false;false;8014458;Grenzach;09.09.2026 07:19;09.09.2026 07:20:00;PROGNOSE;09.09.2026 07:20;09.09.2026 07:20:00;PROGNOSE;false;
09.09.2026;80:800631:17234:000;80:800631;DB;DB Regio AG Baden-Württemberg;Zug;17234;RB;;RB;false;false;8500090;Basel Bad Bf;09.09.2026 07:25;09.09.2026 07:25:00;PROGNOSE;;;;false;ch:1:sloid:90
09.09.2026;80:800631:17235:000;80:800631;DB;DB Regio AG Baden-Württemberg;Zug;17235;RB;;RB;false;false;8500090;Basel Bad Bf;;;;09.09.2026 06:36;09.09.2026 06:36:00;PROGNOSE;false;ch:1:sloid:90
09.09.2026;80:800631:17235:000;80:800631;DB;DB Regio AG Baden-Württemberg;Zug;17235;RB;;RB;false;false;8014458;Grenzach;09.09.2026 06:40;09.09.2026 06:40:00;PROGNOSE;09.09.2026 06:41;09.09.2026 06:41:00;PROGNOSE;false;
09.09.2026;80:800631:17235:000;80:800631;DB;DB Regio AG Baden-Württemberg;Zug;17235;RB;;RB;false;false;8014459;Wyhlen;09.09.2026 06:43;09.09.2026 06:43:00;PROGNOSE;09.09.2026 06:44;09.09.2026 06:44:00;PROGNOSE;false;
09.09.2026;80:800631:17235:000;80:800631;DB;DB Regio AG Baden-Württemberg;Zug;17235;RB;;RB;false;false;8014460;Herten (Baden);09.09.2026 06:47;09.09.2026 06:47:00;PROGNOSE;09.09.2026 06:47;09.09.2026 06:48:00;PROGNOSE;false;
09.09.2026;80:800631:17235:000;80:800631;DB;DB Regio AG Baden-Württemberg;Zug;17235;RB;;RB;false;false;8014462;Rheinfelden (Baden);09.09.2026 06:51;09.09.2026 06:51:00;PROGNOSE;;;;false;
09.09.2026;80:800631:17236:000;80:800631;DB;DB Regio AG Baden-Württemberg;Zug;17236;RB;;RB;false;false;8014462;Rheinfelden (Baden);;;;09.09.2026 07:39;09.09.2026 07:39:00;PROGNOSE;false;
09.09.2026;80:800631:17236:000;80:800631;DB;DB Regio AG Baden-Württemberg;Zug;17236;RB;;RB;false;false;8014460;Herten (Baden);09.09.2026 07:42;09.09.2026 07:42:00;PROGNOSE;09.09.2026 07:42;09.09.2026 07:43:00;PROGNOSE;false;
09.09.2026;80:800631:17236:000;80:800631;DB;DB Regio AG Baden-Württemberg;Zug;17236;RB;;RB;false;false;8014459;Wyhlen;09.09.2026 07:45;09.09.2026 07:46:00;PROGNOSE;09.09.2026 07:46;09.09.2026 07:47:00;PROGNOSE;false;
09.09.2026;80:800631:17236:000;80:800631;DB;DB Regio AG Baden-Württemberg;Zug;17236;RB;;RB;false;false;8014458;Grenzach;09.09.2026 07:49;09.09.2026 07:50:00;PROGNOSE;09.09.2026 07:50;09.09.2026 07:50:00;PROGNOSE;false;
09.09.2026;80:800631:17236:000;80:800631;DB;DB Regio AG Baden-Württemberg;Zug;17236;RB;;RB;false;false;8500090;Basel Bad Bf;09.09.2026 07:55;09.09.2026 07:55:00;PROGNOSE;;;;false;ch:1:sloid:90
09.09.2026;80:800631:17237:000;80:800631;DB;DB Regio AG Baden-Württemberg;Zug;17237;RB;;RB;false;false;8500090;Basel Bad Bf;;;;09.09.2026 07:09;09.09.2026 07:09:00;PROGNOSE;false;ch:1:sloid:90
09.09.2026;80:800631:17237:000;80:800631;DB;DB Regio AG Baden-Württemberg;Zug;17237;RB;;RB;false;false;8014458;Grenzach;09.09.2026 07:14;09.09.2026 07:14:00;PROGNOSE;09.09.2026 07:15;09.09.2026 07:15:00;PROGNOSE;false;
09.09.2026;80:800631:17237:000;80:800631;DB;DB Regio AG Baden-Württemberg;Zug;17237;RB;;RB;false;false;8014459;Wyhlen;09.09.2026 07:18;09.09.2026 07:17:00;PROGNOSE;09.09.2026 07:18;09.09.2026 07:18:00;PROGNOSE;false;
09.09.2026;80:800631:17237:000;80:800631;DB;DB Regio AG Baden-Württemberg;Zug;17237;RB;;RB;false;false;8014460;Herten (Baden);09.09.2026 07:21;09.09.2026 07:21:00;PROGNOSE;09.09.2026 07:22;09.09.2026 07:22:00;PROGNOSE;false;
09.09.2026;80:800631:17237:000;80:800631;DB;DB Regio AG Baden-Württemberg;Zug;17237;RB;;RB;false;false;8014462;Rheinfelden (Baden);09.09.2026 07:25;09.09.2026 07:25:00;PROGNOSE;;;;false;
09.09.2026;80:800631:17238:000;80:800631;DB;DB Regio AG Baden-Württemberg;Zug;17238;RB;;RB;false;true;8014462;Rheinfelden (Baden);;;UNBEKANNT;09.09.2026 08:09;;UNBEKANNT;false;
09.09.2026;80:800631:17238:000;80:800631;DB;DB Regio AG Baden-Württemberg;Zug;17238;RB;;RB;false;true;8014460;Herten (Baden);09.09.2026 08:12;;UNBEKANNT;09.09.2026 08:12;;UNBEKANNT;false;
09.09.2026;80:800631:17238:000;80:800631;DB;DB Regio AG Baden-Württemberg;Zug;17238;RB;;RB;false;true;8014459;Wyhlen;09.09.2026 08:16;;UNBEKANNT;09.09.2026 08:16;;UNBEKANNT;false;
09.09.2026;80:800631:17238:000;80:800631;DB;DB Regio AG Baden-Württemberg;Zug;17238;RB;;RB;false;true;8014458;Grenzach;09.09.2026 08:19;;UNBEKANNT;09.09.2026 08:20;;UNBEKANNT;false;
09.09.2026;80:800631:17238:000;80:800631;DB;DB Regio AG Baden-Württemberg;Zug;17238;RB;;RB;false;true;8500090;Basel Bad Bf;09.09.2026 08:25;;UNBEKANNT;;;UNBEKANNT;false;ch:1:sloid:90
09.09.2026;80:800631:17239:000;80:800631;DB;DB Regio AG Baden-Württemberg;Zug;17239;RB;;RB;false;true;8500090;Basel Bad Bf;;;UNBEKANNT;09.09.2026 07:39;;UNBEKANNT;false;ch:1:sloid:90
09.09.2026;80:800631:17239:000;80:800631;DB;DB Regio AG Baden-Württemberg;Zug;17239;RB;;RB;false;true;8014458;Grenzach;09.09.2026 07:44;;UNBEKANNT;09.09.2026 07:45;;UNBEKANNT;false;
09.09.2026;80:800631:17239:000;80:800631;DB;DB Regio AG Baden-Württemberg;Zug;17239;RB;;RB;false;true;8014459;Wyhlen;09.09.2026 07:48;;UNBEKANNT;09.09.2026 07:48;;UNBEKANNT;false;
09.09.2026;80:800631:17239:000;80:800631;DB;DB Regio AG Baden-Württemberg;Zug;17239;RB;;RB;false;true;8014460;Herten (Baden);09.09.2026 07:52;;UNBEKANNT;09.09.2026 07:52;;UNBEKANNT;false;
09.09.2026;80:800631:17239:000;80:800631;DB;DB Regio AG Baden-Württemberg;Zug;17239;RB;;RB;false;true;8014462;Rheinfelden (Baden);09.09.2026 07:55;;UNBEKANNT;;;UNBEKANNT;false;
09.09.2026;80:800631:17240:000;80:800631;DB;DB Regio AG Baden-Württemberg;Zug;17240;RB;;RB;false;false;8014462;Rheinfelden (Baden);;;;09.09.2026 08:39;09.09.2026 08:39:00;PROGNOSE;false;
09.09.2026;80:800631:17240:000;80:800631;DB;DB Regio AG Baden-Württemberg;Zug;17240;RB;;RB;false;false;8014460;Herten (Baden);09.09.2026 08:42;09.09.2026 08:42:00;PROGNOSE;09.09.2026 08:42;09.09.2026 08:43:00;PROGNOSE;false;
09.09.2026;80:800631:17240:000;80:800631;DB;DB Regio AG Baden-Württemberg;Zug;17240;RB;;RB;false;false;8014459;Wyhlen;09.09.2026 08:46;09.09.2026 08:46:00;PROGNOSE;09.09.2026 08:46;09.09.2026 08:47:00;PROGNOSE;false;
09.09.2026;80:800631:17240:000;80:800631;DB;DB Regio AG Baden-Württemberg;Zug;17240;RB;;RB;false;false;8014458;Grenzach;09.09.2026 08:49;09.09.2026 08:50:00;PROGNOSE;09.09.2026 08:50;09.09.2026 08:50:00;PROGNOSE;false;
09.09.2026;80:800631:17240:000;80:800631;DB;DB Regio AG Baden-Württemberg;Zug;17240;RB;;RB;false;false;8500090;Basel Bad Bf;09.09.2026 08:55;09.09.2026 08:55:00;PROGNOSE;;;;false;ch:1:sloid:90
09.09.2026;80:800631:17241:000;80:800631;DB;DB Regio AG Baden-Württemberg;Zug;17241;RB;;RB;false;true;8500090;Basel Bad Bf;;;UNBEKANNT;09.09.2026 08:09;;UNBEKANNT;false;ch:1:sloid:90
09.09.2026;80:800631:17241:000;80:800631;DB;DB Regio AG Baden-Württemberg;Zug;17241;RB;;RB;false;true;8014458;Grenzach;09.09.2026 08:13;;UNBEKANNT;09.09.2026 08:15;;UNBEKANNT;false;
09.09.2026;80:800631:17241:000;80:800631;DB;DB Regio AG Baden-Württemberg;Zug;17241;RB;;RB;false;true;8014459;Wyhlen;09.09.2026 08:18;;UNBEKANNT;09.09.2026 08:18;;UNBEKANNT;false;
09.09.2026;80:800631:17241:000;80:800631;DB;DB Regio AG Baden-Württemberg;Zug;17241;RB;;RB;false;true;8014460;Herten (Baden);09.09.2026 08:21;;UNBEKANNT;09.09.2026 08:22;;UNBEKANNT;false;
09.09.2026;80:800631:17241:000;80:800631;DB;DB Regio AG Baden-Württemberg;Zug;17241;RB;;RB;false;true;8014462;Rheinfelden (Baden);09.09.2026 08:25;;UNBEKANNT;;;UNBEKANNT;false;
09.09.2026;80:800631:17242:000;80:800631;DB;DB Regio AG Baden-Württemberg;Zug;17242;RB;;RB;false;true;8014462;Rheinfelden (Baden);;;UNBEKANNT;09.09.2026 09:09;;UNBEKANNT;false;
09.09.2026;80:800631:17242:000;80:800631;DB;DB Regio AG Baden-Württemberg;Zug;17242;RB;;RB;false;true;8014460;Herten (Baden);09.09.2026 09:12;;UNBEKANNT;09.09.2026 09:12;;UNBEKANNT;false;
09.09.2026;80:800631:17242:000;80:800631;DB;DB Regio AG Baden-Württemberg;Zug;17242;RB;;RB;false;true;8014459;Wyhlen;09.09.2026 09:16;;UNBEKANNT;09.09.2026 09:16;;UNBEKANNT;false;
09.09.2026;80:800631:17242:000;80:800631;DB;DB Regio AG Baden-Württemberg;Zug;17242;RB;;RB;false;true;8014458;Grenzach;09.09.2026 09:19;;UNBEKANNT;09.09.2026 09:20;;UNBEKANNT;false;
09.09.2026;80:800631:17242:000;80:800631;DB;DB Regio AG Baden-Württemberg;Zug;17242;RB;;RB;false;true;8500090;Basel Bad Bf;09.09.2026 09:25;;UNBEKANNT;;;UNBEKANNT;false;ch:1:sloid:90
09.09.2026;80:800631:17243:000;80:800631;DB;DB Regio AG Baden-Württemberg;Zug;17243;RB;;RB;false;true;8500090;Basel Bad Bf;;;UNBEKANNT;09.09.2026 08:39;;UNBEKANNT;false;ch:1:sloid:90
09.09.2026;80:800631:17243:000;80:800631;DB;DB Regio AG Baden-Württemberg;Zug;17243;RB;;RB;false;true;8014458;Grenzach;09.09.2026 08:44;;UNBEKANNT;09.09.2026 08:45;;UNBEKANNT;false;
09.09.2026;80:800631:17243:000;80:800631;DB;DB Regio AG Baden-Württemberg;Zug;17243;RB;;RB;false;true;8014459;Wyhlen;09.09.2026 08:48;;UNBEKANNT;09.09.2026 08:48;;UNBEKANNT;false;
09.09.2026;80:800631:17243:000;80:800631;DB;DB Regio AG Baden-Württemberg;Zug;17243;RB;;RB;false;true;8014460;Herten (Baden);09.09.2026 08:52;;UNBEKANNT;09.09.2026 08:52;;UNBEKANNT;false;
09.09.2026;80:800631:17243:000;80:800631;DB;DB Regio AG Baden-Württemberg;Zug;17243;RB;;RB;false;true;8014462;Rheinfelden (Baden);09.09.2026 08:55;;UNBEKANNT;;;UNBEKANNT;false;
09.09.2026;80:800631:17244:000;80:800631;DB;DB Regio AG Baden-Württemberg;Zug;17244;RB;;RB;false;true;8014462;Rheinfelden (Baden);;;UNBEKANNT;09.09.2026 09:39;;UNBEKANNT;false;
09.09.2026;80:800631:17244:000;80:800631;DB;DB Regio AG Baden-Württemberg;Zug;17244;RB;;RB;false;true;8014460;Herten (Baden);09.09.2026 09:42;;UNBEKANNT;09.09.2026 09:42;;UNBEKANNT;false;
09.09.2026;80:800631:17244:000;80:800631;DB;DB Regio AG Baden-Württemberg;Zug;17244;RB;;RB;false;true;8014459;Wyhlen;09.09.2026 09:46;;UNBEKANNT;09.09.2026 09:46;;UNBEKANNT;false;
09.09.2026;80:800631:17244:000;80:800631;DB;DB Regio AG Baden-Württemberg;Zug;17244;RB;;RB;false;true;8014458;Grenzach;09.09.2026 09:49;;UNBEKANNT;09.09.2026 09:50;;UNBEKANNT;false;
09.09.2026;80:800631:17244:000;80:800631;DB;DB Regio AG Baden-Württemberg;Zug;17244;RB;;RB;false;true;8500090;Basel Bad Bf;09.09.2026 09:55;;UNBEKANNT;;;UNBEKANNT;false;ch:1:sloid:90
09.09.2026;80:800631:17245:000;80:800631;DB;DB Regio AG Baden-Württemberg;Zug;17245;RB;;RB;false;true;8500090;Basel Bad Bf;;;UNBEKANNT;09.09.2026 09:09;;UNBEKANNT;false;ch:1:sloid:90
09.09.2026;80:800631:17245:000;80:800631;DB;DB Regio AG Baden-Württemberg;Zug;17245;RB;;RB;false;true;8014458;Grenzach;09.09.2026 09:13;;UNBEKANNT;09.09.2026 09:15;;UNBEKANNT;false;
09.09.2026;80:800631:17245:000;80:800631;DB;DB Regio AG Baden-Württemberg;Zug;17245;RB;;RB;false;true;8014459;Wyhlen;09.09.2026 09:18;;UNBEKANNT;09.09.2026 09:18;;UNBEKANNT;false;
09.09.2026;80:800631:17245:000;80:800631;DB;DB Regio AG Baden-Württemberg;Zug;17245;RB;;RB;false;true;8014460;Herten (Baden);09.09.2026 09:21;;UNBEKANNT;09.09.2026 09:22;;UNBEKANNT;false;
09.09.2026;80:800631:17245:000;80:800631;DB;DB Regio AG Baden-Württemberg;Zug;17245;RB;;RB;false;true;8014462;Rheinfelden (Baden);09.09.2026 09:25;;UNBEKANNT;;;UNBEKANNT;false;
09.09.2026;80:800631:17246:000;80:800631;DB;DB Regio AG Baden-Württemberg;Zug;17246;RB;;RB;false;true;8014462;Rheinfelden (Baden);;;UNBEKANNT;09.09.2026 10:09;;UNBEKANNT;false;
09.09.2026;80:800631:17246:000;80:800631;DB;DB Regio AG Baden-Württemberg;Zug;17246;RB;;RB;false;true;8014460;Herten (Baden);09.09.2026 10:12;;UNBEKANNT;09.09.2026 10:12;;UNBEKANNT;false;
09.09.2026;80:800631:17246:000;80:800631;DB;DB Regio AG Baden-Württemberg;Zug;17246;RB;;RB;false;true;8014459;Wyhlen;09.09.2026 10:16;;UNBEKANNT;09.09.2026 10:16;;UNBEKANNT;false;
09.09.2026;80:800631:17246:000;80:800631;DB;DB Regio AG Baden-Württemberg;Zug;17246;RB;;RB;false;true;8014458;Grenzach;09.09.2026 10:19;;UNBEKANNT;09.09.2026 10:20;;UNBEKANNT;false;
09.09.2026;80:800631:17246:000;80:800631;DB;DB Regio AG Baden-Württemberg;Zug;17246;RB;;RB;false;true;8500090;Basel Bad Bf;09.09.2026 10:25;;UNBEKANNT;;;UNBEKANNT;false;ch:1:sloid:90
09.09.2026;80:800631:17247:000;80:800631;DB;DB Regio AG Baden-Württemberg;Zug;17247;RB;;RB;false;true;8500090;Basel Bad Bf;;;UNBEKANNT;09.09.2026 09:39;;UNBEKANNT;false;ch:1:sloid:90
09.09.2026;80:800631:17247:000;80:800631;DB;DB Regio AG Baden-Württemberg;Zug;17247;RB;;RB;false;true;8014458;Grenzach;09.09.2026 09:44;;UNBEKANNT;09.09.2026 09:45;;UNBEKANNT;false;
09.09.2026;80:800631:17247:000;80:800631;DB;DB Regio AG Baden-Württemberg;Zug;17247;RB;;RB;false;true;8014459;Wyhlen;09.09.2026 09:48;;UNBEKANNT;09.09.2026 09:48;;UNBEKANNT;false;
09.09.2026;80:800631:17247:000;80:800631;DB;DB Regio AG Baden-Württemberg;Zug;17247;RB;;RB;false;true;8014460;Herten (Baden);09.09.2026 09:52;;UNBEKANNT;09.09.2026 09:52;;UNBEKANNT;false;
09.09.2026;80:800631:17247:000;80:800631;DB;DB Regio AG Baden-Württemberg;Zug;17247;RB;;RB;false;true;8014462;Rheinfelden (Baden);09.09.2026 09:55;;UNBEKANNT;;;UNBEKANNT;false;
09.09.2026;80:800631:17248:000;80:800631;DB;DB Regio AG Baden-Württemberg;Zug;17248;RB;;RB;false;true;8014462;Rheinfelden (Baden);;;UNBEKANNT;09.09.2026 10:39;;UNBEKANNT;false;
09.09.2026;80:800631:17248:000;80:800631;DB;DB Regio AG Baden-Württemberg;Zug;17248;RB;;RB;false;true;8014460;Herten (Baden);09.09.2026 10:42;;UNBEKANNT;09.09.2026 10:42;;UNBEKANNT;false;
09.09.2026;80:800631:17248:000;80:800631;DB;DB Regio AG Baden-Württemberg;Zug;17248;RB;;RB;false;true;8014459;Wyhlen;09.09.2026 10:46;;UNBEKANNT;09.09.2026 10:46;;UNBEKANNT;false;
09.09.2026;80:800631:17248:000;80:800631;DB;DB Regio AG Baden-Württemberg;Zug;17248;RB;;RB;false;true;8014458;Grenzach;09.09.2026 10:49;;UNBEKANNT;09.09.2026 10:50;;UNBEKANNT;false;
09.09.2026;80:800631:17248:000;80:800631;DB;DB Regio AG Baden-Württemberg;Zug;17248;RB;;RB;false;true;8500090;Basel Bad Bf;09.09.2026 10:55;;UNBEKANNT;;;UNBEKANNT;false;ch:1:sloid:90
09.09.2026;80:800631:17249:000;80:800631;DB;DB Regio AG Baden-Württemberg;Zug;17249;RB;;RB;false;true;8500090;Basel Bad Bf;;;UNBEKANNT;09.09.2026 10:09;;UNBEKANNT;false;ch:1:sloid:90
09.09.2026;80:800631:17249:000;80:800631;DB;DB Regio AG Baden-Württemberg;Zug;17249;RB;;RB;false;true;8014458;Grenzach;09.09.2026 10:13;;UNBEKANNT;09.09.2026 10:15;;UNBEKANNT;false;
09.09.2026;80:800631:17249:000;80:800631;DB;DB Regio AG Baden-Württemberg;Zug;17249;RB;;RB;false;true;8014459;Wyhlen;09.09.2026 10:18;;UNBEKANNT;09.09.2026 10:18;;UNBEKANNT;false;
09.09.2026;80:800631:17249:000;80:800631;DB;DB Regio AG Baden-Württemberg;Zug;17249;RB;;RB;false;true;8014460;Herten (Baden);09.09.2026 10:21;;UNBEKANNT;09.09.2026 10:22;;UNBEKANNT;false;
09.09.2026;80:800631:17249:000;80:800631;DB;DB Regio AG Baden-Württemberg;Zug;17249;RB;;RB;false;true;8014462;Rheinfelden (Baden);09.09.2026 10:25;;UNBEKANNT;;;UNBEKANNT;false;
09.09.2026;80:800631:17250:000;80:800631;DB;DB Regio AG Baden-Württemberg;Zug;17250;RB;;RB;false;true;8014462;Rheinfelden (Baden);;;UNBEKANNT;09.09.2026 11:09;;UNBEKANNT;false;
09.09.2026;80:800631:17250:000;80:800631;DB;DB Regio AG Baden-Württemberg;Zug;17250;RB;;RB;false;true;8014460;Herten (Baden);09.09.2026 11:12;;UNBEKANNT;09.09.2026 11:12;;UNBEKANNT;false;
09.09.2026;80:800631:17250:000;80:800631;DB;DB Regio AG Baden-Württemberg;Zug;17250;RB;;RB;false;true;8014459;Wyhlen;09.09.2026 11:16;;UNBEKANNT;09.09.2026 11:16;;UNBEKANNT;false;
09.09.2026;80:800631:17250:000;80:800631;DB;DB Regio AG Baden-Württemberg;Zug;17250;RB;;RB;false;true;8014458;Grenzach;09.09.2026 11:19;;UNBEKANNT;09.09.2026 11:20;;UNBEKANNT;false;
09.09.2026;80:800631:17250:000;80:800631;DB;DB Regio AG Baden-Württemberg;Zug;17250;RB;;RB;false;true;8500090;Basel Bad Bf;09.09.2026 11:25;;UNBEKANNT;;;UNBEKANNT;false;ch:1:sloid:90
09.09.2026;80:800631:17251:000;80:800631;DB;DB Regio AG Baden-Württemberg;Zug;17251;RB;;RB;false;true;8500090;Basel Bad Bf;;;UNBEKANNT;09.09.2026 10:39;;UNBEKANNT;false;ch:1:sloid:90
09.09.2026;80:800631:17251:000;80:800631;DB;DB Regio AG Baden-Württemberg;Zug;17251;RB;;RB;false;true;8014458;Grenzach;09.09.2026 10:44;;UNBEKANNT;09.09.2026 10:45;;UNBEKANNT;false;
09.09.2026;80:800631:17251:000;80:800631;DB;DB Regio AG Baden-Württemberg;Zug;17251;RB;;RB;false;true;8014459;Wyhlen;09.09.2026 10:48;;UNBEKANNT;09.09.2026 10:48;;UNBEKANNT;false;
09.09.2026;80:800631:17251:000;80:800631;DB;DB Regio AG Baden-Württemberg;Zug;17251;RB;;RB;false;true;8014460;Herten (Baden);09.09.2026 10:52;;UNBEKANNT;09.09.2026 10:52;;UNBEKANNT;false;
09.09.2026;80:800631:17251:000;80:800631;DB;DB Regio AG Baden-Württemberg;Zug;17251;RB;;RB;false;true;8014462;Rheinfelden (Baden);09.09.2026 10:55;;UNBEKANNT;;;UNBEKANNT;false;
09.09.2026;80:800631:17252:000;80:800631;DB;DB Regio AG Baden-Württemberg;Zug;17252;RB;;RB;false;true;8014462;Rheinfelden (Baden);;;UNBEKANNT;09.09.2026 11:39;;UNBEKANNT;false;
09.09.2026;80:800631:17252:000;80:800631;DB;DB Regio AG Baden-Württemberg;Zug;17252;RB;;RB;false;true;8014460;Herten (Baden);09.09.2026 11:42;;UNBEKANNT;09.09.2026 11:42;;UNBEKANNT;false;
09.09.2026;80:800631:17252:000;80:800631;DB;DB Regio AG Baden-Württemberg;Zug;17252;RB;;RB;false;true;8014459;Wyhlen;09.09.2026 11:46;;UNBEKANNT;09.09.2026 11:46;;UNBEKANNT;false;
09.09.2026;80:800631:17252:000;80:800631;DB;DB Regio AG Baden-Württemberg;Zug;17252;RB;;RB;false;true;8014458;Grenzach;09.09.2026 11:49;;UNBEKANNT;09.09.2026 11:50;;UNBEKANNT;false;
09.09.2026;80:800631:17252:000;80:800631;DB;DB Regio AG Baden-Württemberg;Zug;17252;RB;;RB;false;true;8500090;Basel Bad Bf;09.09.2026 11:55;;UNBEKANNT;;;UNBEKANNT;false;ch:1:sloid:90
09.09.2026;80:800631:17253:000;80:800631;DB;DB Regio AG Baden-Württemberg;Zug;17253;RB;;RB;false;true;8500090;Basel Bad Bf;;;UNBEKANNT;09.09.2026 11:09;;UNBEKANNT;false;ch:1:sloid:90
09.09.2026;80:800631:17253:000;80:800631;DB;DB Regio AG Baden-Württemberg;Zug;17253;RB;;RB;false;true;8014458;Grenzach;09.09.2026 11:13;;UNBEKANNT;09.09.2026 11:15;;UNBEKANNT;false;
09.09.2026;80:800631:17253:000;80:800631;DB;DB Regio AG Baden-Württemberg;Zug;17253;RB;;RB;false;true;8014459;Wyhlen;09.09.2026 11:18;;UNBEKANNT;09.09.2026 11:18;;UNBEKANNT;false;
09.09.2026;80:800631:17253:000;80:800631;DB;DB Regio AG Baden-Württemberg;Zug;17253;RB;;RB;false;true;8014460;Herten (Baden);09.09.2026 11:21;;UNBEKANNT;09.09.2026 11:22;;UNBEKANNT;false;
09.09.2026;80:800631:17253:000;80:800631;DB;DB Regio AG Baden-Württemberg;Zug;17253;RB;;RB;false;true;8014462;Rheinfelden (Baden);09.09.2026 11:25;;UNBEKANNT;;;UNBEKANNT;false;
09.09.2026;80:800631:17254:000;80:800631;DB;DB Regio AG Baden-Württemberg;Zug;17254;RB;;RB;false;true;8014462;Rheinfelden (Baden);;;UNBEKANNT;09.09.2026 12:09;;UNBEKANNT;false;
09.09.2026;80:800631:17254:000;80:800631;DB;DB Regio AG Baden-Württemberg;Zug;17254;RB;;RB;false;true;8014460;Herten (Baden);09.09.2026 12:12;;UNBEKANNT;09.09.2026 12:12;;UNBEKANNT;false;
09.09.2026;80:800631:17254:000;80:800631;DB;DB Regio AG Baden-Württemberg;Zug;17254;RB;;RB;false;true;8014459;Wyhlen;09.09.2026 12:16;;UNBEKANNT;09.09.2026 12:16;;UNBEKANNT;false;
09.09.2026;80:800631:17254:000;80:800631;DB;DB Regio AG Baden-Württemberg;Zug;17254;RB;;RB;false;true;8014458;Grenzach;09.09.2026 12:19;;UNBEKANNT;09.09.2026 12:20;;UNBEKANNT;false;
09.09.2026;80:800631:17254:000;80:800631;DB;DB Regio AG Baden-Württemberg;Zug;17254;RB;;RB;false;true;8500090;Basel Bad Bf;09.09.2026 12:25;;UNBEKANNT;;;UNBEKANNT;false;ch:1:sloid:90
09.09.2026;80:800631:17255:000;80:800631;DB;DB Regio AG Baden-Württemberg;Zug;17255;RB;;RB;false;true;8500090;Basel Bad Bf;;;UNBEKANNT;09.09.2026 11:39;;UNBEKANNT;false;ch:1:sloid:90
09.09.2026;80:800631:17255:000;80:800631;DB;DB Regio AG Baden-Württemberg;Zug;17255;RB;;RB;false;true;8014458;Grenzach;09.09.2026 11:44;;UNBEKANNT;09.09.2026 11:45;;UNBEKANNT;false;
09.09.2026;80:800631:17255:000;80:800631;DB;DB Regio AG Baden-Württemberg;Zug;17255;RB;;RB;false;true;8014459;Wyhlen;09.09.2026 11:48;;UNBEKANNT;09.09.2026 11:48;;UNBEKANNT;false;
09.09.2026;80:800631:17255:000;80:800631;DB;DB Regio AG Baden-Württemberg;Zug;17255;RB;;RB;false;true;8014460;Herten (Baden);09.09.2026 11:52;;UNBEKANNT;09.09.2026 11:52;;UNBEKANNT;false;
09.09.2026;80:800631:17255:000;80:800631;DB;DB Regio AG Baden-Württemberg;Zug;17255;RB;;RB;false;true;8014462;Rheinfelden (Baden);09.09.2026 11:55;;UNBEKANNT;;;UNBEKANNT;false;
09.09.2026;80:800631:17256:000;80:800631;DB;DB Regio AG Baden-Württemberg;Zug;17256;RB;;RB;false;false;8014462;Rheinfelden (Baden);;;;09.09.2026 12:39;09.09.2026 12:34:00;PROGNOSE;false;
09.09.2026;80:800631:17256:000;80:800631;DB;DB Regio AG Baden-Württemberg;Zug;17256;RB;;RB;false;true;8014460;Herten (Baden);09.09.2026 12:42;;UNBEKANNT;09.09.2026 12:42;;UNBEKANNT;true;
09.09.2026;80:800631:17256:000;80:800631;DB;DB Regio AG Baden-Württemberg;Zug;17256;RB;;RB;false;true;8014459;Wyhlen;09.09.2026 12:46;;UNBEKANNT;09.09.2026 12:46;;UNBEKANNT;true;
09.09.2026;80:800631:17256:000;80:800631;DB;DB Regio AG Baden-Württemberg;Zug;17256;RB;;RB;false;true;8014458;Grenzach;09.09.2026 12:49;;UNBEKANNT;09.09.2026 12:50;;UNBEKANNT;true;
09.09.2026;80:800631:17256:000;80:800631;DB;DB Regio AG Baden-Württemberg;Zug;17256;RB;;RB;false;false;8500090;Basel Bad Bf;09.09.2026 12:55;09.09.2026 13:01:00;PROGNOSE;;;;false;ch:1:sloid:90
09.09.2026;80:800631:17257:000;80:800631;DB;DB Regio AG Baden-Württemberg;Zug;17257;RB;;RB;false;true;8500090;Basel Bad Bf;;;UNBEKANNT;09.09.2026 12:09;;UNBEKANNT;false;ch:1:sloid:90
09.09.2026;80:800631:17257:000;80:800631;DB;DB Regio AG Baden-Württemberg;Zug;17257;RB;;RB;false;true;8014458;Grenzach;09.09.2026 12:13;;UNBEKANNT;09.09.2026 12:15;;UNBEKANNT;false;
09.09.2026;80:800631:17257:000;80:800631;DB;DB Regio AG Baden-Württemberg;Zug;17257;RB;;RB;false;true;8014459;Wyhlen;09.09.2026 12:18;;UNBEKANNT;09.09.2026 12:18;;UNBEKANNT;false;
09.09.2026;80:800631:17257:000;80:800631;DB;DB Regio AG Baden-Württemberg;Zug;17257;RB;;RB;false;true;8014460;Herten (Baden);09.09.2026 12:21;;UNBEKANNT;09.09.2026 12:22;;UNBEKANNT;false;
09.09.2026;80:800631:17257:000;80:800631;DB;DB Regio AG Baden-Württemberg;Zug;17257;RB;;RB;false;true;8014462;Rheinfelden (Baden);09.09.2026 12:25;;UNBEKANNT;;;UNBEKANNT;false;
09.09.2026;80:800631:17258:000;80:800631;DB;DB Regio AG Baden-Württemberg;Zug;17258;RB;;RB;false;false;8014462;Rheinfelden (Baden);;;;09.09.2026 13:09;09.09.2026 13:09:00;PROGNOSE;false;
09.09.2026;80:800631:17258:000;80:800631;DB;DB Regio AG Baden-Württemberg;Zug;17258;RB;;RB;false;false;8014460;Herten (Baden);09.09.2026 13:12;09.09.2026 13:12:00;PROGNOSE;09.09.2026 13:12;09.09.2026 13:13:00;PROGNOSE;false;
09.09.2026;80:800631:17258:000;80:800631;DB;DB Regio AG Baden-Württemberg;Zug;17258;RB;;RB;false;false;8014459;Wyhlen;09.09.2026 13:16;09.09.2026 13:16:00;PROGNOSE;09.09.2026 13:16;09.09.2026 13:17:00;PROGNOSE;false;
09.09.2026;80:800631:17258:000;80:800631;DB;DB Regio AG Baden-Württemberg;Zug;17258;RB;;RB;false;false;8014458;Grenzach;09.09.2026 13:19;09.09.2026 13:20:00;PROGNOSE;09.09.2026 13:20;09.09.2026 13:20:00;PROGNOSE;false;
09.09.2026;80:800631:17258:000;80:800631;DB;DB Regio AG Baden-Württemberg;Zug;17258;RB;;RB;false;false;8500090;Basel Bad Bf;09.09.2026 13:25;09.09.2026 13:25:00;PROGNOSE;;;;false;ch:1:sloid:90
09.09.2026;80:800631:17259:000;80:800631;DB;DB Regio AG Baden-Württemberg;Zug;17259;RB;;RB;false;true;8500090;Basel Bad Bf;;;UNBEKANNT;09.09.2026 12:39;;UNBEKANNT;false;ch:1:sloid:90
09.09.2026;80:800631:17259:000;80:800631;DB;DB Regio AG Baden-Württemberg;Zug;17259;RB;;RB;false;true;8014458;Grenzach;09.09.2026 12:44;;UNBEKANNT;09.09.2026 12:45;;UNBEKANNT;false;
09.09.2026;80:800631:17259:000;80:800631;DB;DB Regio AG Baden-Württemberg;Zug;17259;RB;;RB;false;true;8014459;Wyhlen;09.09.2026 12:48;;UNBEKANNT;09.09.2026 12:48;;UNBEKANNT;false;
09.09.2026;80:800631:17259:000;80:800631;DB;DB Regio AG Baden-Württemberg;Zug;17259;RB;;RB;false;true;8014460;Herten (Baden);09.09.2026 12:52;;UNBEKANNT;09.09.2026 12:52;;UNBEKANNT;false;
09.09.2026;80:800631:17259:000;80:800631;DB;DB Regio AG Baden-Württemberg;Zug;17259;RB;;RB;false;true;8014462;Rheinfelden (Baden);09.09.2026 12:55;;UNBEKANNT;;;UNBEKANNT;false;
09.09.2026;80:800631:17260:000;80:800631;DB;DB Regio AG Baden-Württemberg;Zug;17260;RB;;RB;false;false;8014462;Rheinfelden (Baden);;;;09.09.2026 13:39;09.09.2026 13:39:00;PROGNOSE;false;
09.09.2026;80:800631:17260:000;80:800631;DB;DB Regio AG Baden-Württemberg;Zug;17260;RB;;RB;false;false;8014460;Herten (Baden);09.09.2026 13:42;09.09.2026 13:45:00;PROGNOSE;09.09.2026 13:42;09.09.2026 13:46:00;PROGNOSE;false;
09.09.2026;80:800631:17260:000;80:800631;DB;DB Regio AG Baden-Württemberg;Zug;17260;RB;;RB;false;false;8014459;Wyhlen;09.09.2026 13:46;09.09.2026 13:48:00;PROGNOSE;09.09.2026 13:46;09.09.2026 13:50:00;PROGNOSE;false;
09.09.2026;80:800631:17260:000;80:800631;DB;DB Regio AG Baden-Württemberg;Zug;17260;RB;;RB;false;false;8014458;Grenzach;09.09.2026 13:49;09.09.2026 13:53:00;PROGNOSE;09.09.2026 13:50;09.09.2026 13:53:00;PROGNOSE;false;
09.09.2026;80:800631:17260:000;80:800631;DB;DB Regio AG Baden-Württemberg;Zug;17260;RB;;RB;false;false;8500090;Basel Bad Bf;09.09.2026 13:55;09.09.2026 13:59:00;PROGNOSE;;;;false;ch:1:sloid:90
09.09.2026;80:800631:17261:000;80:800631;DB;DB Regio AG Baden-Württemberg;Zug;17261;RB;;RB;false;false;8500090;Basel Bad Bf;;;;09.09.2026 13:09;09.09.2026 13:11:00;PROGNOSE;false;ch:1:sloid:90
09.09.2026;80:800631:17261:000;80:800631;DB;DB Regio AG Baden-Württemberg;Zug;17261;RB;;RB;false;false;8014458;Grenzach;09.09.2026 13:13;09.09.2026 13:15:00;PROGNOSE;09.09.2026 13:15;09.09.2026 13:17:00;PROGNOSE;true;
09.09.2026;80:800631:17261:000;80:800631;DB;DB Regio AG Baden-Württemberg;Zug;17261;RB;;RB;false;false;8014459;Wyhlen;09.09.2026 13:18;09.09.2026 13:20:00;PROGNOSE;09.09.2026 13:18;09.09.2026 13:20:00;PROGNOSE;true;
09.09.2026;80:800631:17261:000;80:800631;DB;DB Regio AG Baden-Württemberg;Zug;17261;RB;;RB;false;false;8014460;Herten (Baden);09.09.2026 13:21;09.09.2026 13:23:00;PROGNOSE;09.09.2026 13:22;09.09.2026 13:24:00;PROGNOSE;true;
09.09.2026;80:800631:17261:000;80:800631;DB;DB Regio AG Baden-Württemberg;Zug;17261;RB;;RB;false;false;8014462;Rheinfelden (Baden);09.09.2026 13:25;09.09.2026 13:32:00;PROGNOSE;;;;false;
09.09.2026;80:800631:17262:000;80:800631;DB;DB Regio AG Baden-Württemberg;Zug;17262;RB;;RB;false;false;8014462;Rheinfelden (Baden);;;;09.09.2026 14:09;09.09.2026 14:09:00;PROGNOSE;false;
09.09.2026;80:800631:17262:000;80:800631;DB;DB Regio AG Baden-Württemberg;Zug;17262;RB;;RB;false;false;8014460;Herten (Baden);09.09.2026 14:12;09.09.2026 14:12:00;PROGNOSE;09.09.2026 14:12;09.09.2026 14:13:00;PROGNOSE;false;
09.09.2026;80:800631:17262:000;80:800631;DB;DB Regio AG Baden-Württemberg;Zug;17262;RB;;RB;false;false;8014459;Wyhlen;09.09.2026 14:16;09.09.2026 14:16:00;PROGNOSE;09.09.2026 14:16;09.09.2026 14:17:00;PROGNOSE;false;
09.09.2026;80:800631:17262:000;80:800631;DB;DB Regio AG Baden-Württemberg;Zug;17262;RB;;RB;false;false;8014458;Grenzach;09.09.2026 14:19;09.09.2026 14:21:00;PROGNOSE;09.09.2026 14:20;09.09.2026 14:21:00;PROGNOSE;false;
09.09.2026;80:800631:17262:000;80:800631;DB;DB Regio AG Baden-Württemberg;Zug;17262;RB;;RB;false;false;8500090;Basel Bad Bf;09.09.2026 14:25;09.09.2026 14:27:00;PROGNOSE;;;;false;ch:1:sloid:90
09.09.2026;80:800631:17263:000;80:800631;DB;DB Regio AG Baden-Württemberg;Zug;17263;RB;;RB;false;false;8500090;Basel Bad Bf;;;;09.09.2026 13:39;09.09.2026 13:39:00;PROGNOSE;false;ch:1:sloid:90
09.09.2026;80:800631:17263:000;80:800631;DB;DB Regio AG Baden-Württemberg;Zug;17263;RB;;RB;false;false;8014458;Grenzach;09.09.2026 13:44;09.09.2026 13:44:00;PROGNOSE;09.09.2026 13:45;09.09.2026 13:45:00;PROGNOSE;false;
09.09.2026;80:800631:17263:000;80:800631;DB;DB Regio AG Baden-Württemberg;Zug;17263;RB;;RB;false;false;8014459;Wyhlen;09.09.2026 13:48;09.09.2026 13:47:00;PROGNOSE;09.09.2026 13:48;09.09.2026 13:48:00;PROGNOSE;false;
09.09.2026;80:800631:17263:000;80:800631;DB;DB Regio AG Baden-Württemberg;Zug;17263;RB;;RB;false;false;8014460;Herten (Baden);09.09.2026 13:52;09.09.2026 13:51:00;PROGNOSE;09.09.2026 13:52;09.09.2026 13:52:00;PROGNOSE;false;
09.09.2026;80:800631:17263:000;80:800631;DB;DB Regio AG Baden-Württemberg;Zug;17263;RB;;RB;false;false;8014462;Rheinfelden (Baden);09.09.2026 13:55;09.09.2026 13:54:00;PROGNOSE;;;;false;
09.09.2026;80:800631:17264:000;80:800631;DB;DB Regio AG Baden-Württemberg;Zug;17264;RB;;RB;false;false;8014462;Rheinfelden (Baden);;;;09.09.2026 14:39;09.09.2026 14:39:00;PROGNOSE;false;
09.09.2026;80:800631:17264:000;80:800631;DB;DB Regio AG Baden-Württemberg;Zug;17264;RB;;RB;false;false;8014460;Herten (Baden);09.09.2026 14:42;09.09.2026 14:42:00;PROGNOSE;09.09.2026 14:42;09.09.2026 14:44:00;PROGNOSE;false;
09.09.2026;80:800631:17264:000;80:800631;DB;DB Regio AG Baden-Württemberg;Zug;17264;RB;;RB;false;false;8014459;Wyhlen;09.09.2026 14:46;09.09.2026 14:46:00;PROGNOSE;09.09.2026 14:46;09.09.2026 14:47:00;PROGNOSE;false;
09.09.2026;80:800631:17264:000;80:800631;DB;DB Regio AG Baden-Württemberg;Zug;17264;RB;;RB;false;false;8014458;Grenzach;09.09.2026 14:49;09.09.2026 14:50:00;PROGNOSE;09.09.2026 14:50;09.09.2026 14:51:00;PROGNOSE;false;
09.09.2026;80:800631:17264:000;80:800631;DB;DB Regio AG Baden-Württemberg;Zug;17264;RB;;RB;false;false;8500090;Basel Bad Bf;09.09.2026 14:55;09.09.2026 14:56:00;PROGNOSE;;;;false;ch:1:sloid:90
09.09.2026;80:800631:17265:000;80:800631;DB;DB Regio AG Baden-Württemberg;Zug;17265;RB;;RB;false;false;8500090;Basel Bad Bf;;;;09.09.2026 14:09;09.09.2026 14:09:00;PROGNOSE;false;ch:1:sloid:90
09.09.2026;80:800631:17265:000;80:800631;DB;DB Regio AG Baden-Württemberg;Zug;17265;RB;;RB;false;false;8014458;Grenzach;09.09.2026 14:13;09.09.2026 14:13:00;PROGNOSE;09.09.2026 14:15;09.09.2026 14:15:00;PROGNOSE;false;
09.09.2026;80:800631:17265:000;80:800631;DB;DB Regio AG Baden-Württemberg;Zug;17265;RB;;RB;false;false;8014459;Wyhlen;09.09.2026 14:18;09.09.2026 14:17:00;PROGNOSE;09.09.2026 14:18;09.09.2026 14:18:00;PROGNOSE;false;
09.09.2026;80:800631:17265:000;80:800631;DB;DB Regio AG Baden-Württemberg;Zug;17265;RB;;RB;false;false;8014460;Herten (Baden);09.09.2026 14:21;09.09.2026 14:21:00;PROGNOSE;09.09.2026 14:22;09.09.2026 14:22:00;PROGNOSE;false;
09.09.2026;80:800631:17265:000;80:800631;DB;DB Regio AG Baden-Württemberg;Zug;17265;RB;;RB;false;false;8014462;Rheinfelden (Baden);09.09.2026 14:25;09.09.2026 14:25:00;PROGNOSE;;;;false;
09.09.2026;80:800631:17266:000;80:800631;DB;DB Regio AG Baden-Württemberg;Zug;17266;RB;;RB;false;false;8014462;Rheinfelden (Baden);;;;09.09.2026 15:09;09.09.2026 15:09:00;PROGNOSE;false;
09.09.2026;80:800631:17266:000;80:800631;DB;DB Regio AG Baden-Württemberg;Zug;17266;RB;;RB;false;false;8014460;Herten (Baden);09.09.2026 15:12;09.09.2026 15:12:00;PROGNOSE;09.09.2026 15:12;09.09.2026 15:13:00;PROGNOSE;false;
09.09.2026;80:800631:17266:000;80:800631;DB;DB Regio AG Baden-Württemberg;Zug;17266;RB;;RB;false;false;8014459;Wyhlen;09.09.2026 15:16;09.09.2026 15:15:00;PROGNOSE;09.09.2026 15:16;09.09.2026 15:16:00;PROGNOSE;false;
09.09.2026;80:800631:17266:000;80:800631;DB;DB Regio AG Baden-Württemberg;Zug;17266;RB;;RB;false;false;8014458;Grenzach;09.09.2026 15:19;09.09.2026 15:20:00;PROGNOSE;09.09.2026 15:20;09.09.2026 15:20:00;PROGNOSE;false;
09.09.2026;80:800631:17266:000;80:800631;DB;DB Regio AG Baden-Württemberg;Zug;17266;RB;;RB;false;false;8500090;Basel Bad Bf;09.09.2026 15:25;09.09.2026 15:26:00;PROGNOSE;;;;false;ch:1:sloid:90
09.09.2026;80:800631:17267:000;80:800631;DB;DB Regio AG Baden-Württemberg;Zug;17267;RB;;RB;false;false;8500090;Basel Bad Bf;;;;09.09.2026 14:39;09.09.2026 14:39:00;PROGNOSE;false;ch:1:sloid:90
09.09.2026;80:800631:17267:000;80:800631;DB;DB Regio AG Baden-Württemberg;Zug;17267;RB;;RB;false;false;8014458;Grenzach;09.09.2026 14:44;09.09.2026 14:44:00;PROGNOSE;09.09.2026 14:45;09.09.2026 14:45:00;PROGNOSE;false;
09.09.2026;80:800631:17267:000;80:800631;DB;DB Regio AG Baden-Württemberg;Zug;17267;RB;;RB;false;false;8014459;Wyhlen;09.09.2026 14:48;09.09.2026 14:47:00;PROGNOSE;09.09.2026 14:48;09.09.2026 14:48:00;PROGNOSE;false;
09.09.2026;80:800631:17267:000;80:800631;DB;DB Regio AG Baden-Württemberg;Zug;17267;RB;;RB;false;false;8014460;Herten (Baden);09.09.2026 14:52;09.09.2026 14:51:00;PROGNOSE;09.09.2026 14:52;09.09.2026 14:52:00;PROGNOSE;false;
09.09.2026;80:800631:17267:000;80:800631;DB;DB Regio AG Baden-Württemberg;Zug;17267;RB;;RB;false;false;8014462;Rheinfelden (Baden);09.09.2026 14:55;09.09.2026 14:55:00;PROGNOSE;;;;false;
09.09.2026;80:800631:17268:000;80:800631;DB;DB Regio AG Baden-Württemberg;Zug;17268;RB;;RB;false;false;8014462;Rheinfelden (Baden);;;;09.09.2026 15:39;09.09.2026 15:39:00;PROGNOSE;false;
09.09.2026;80:800631:17268:000;80:800631;DB;DB Regio AG Baden-Württemberg;Zug;17268;RB;;RB;false;false;8014460;Herten (Baden);09.09.2026 15:42;09.09.2026 15:42:00;PROGNOSE;09.09.2026 15:42;09.09.2026 15:43:00;PROGNOSE;false;
09.09.2026;80:800631:17268:000;80:800631;DB;DB Regio AG Baden-Württemberg;Zug;17268;RB;;RB;false;false;8014459;Wyhlen;09.09.2026 15:46;09.09.2026 15:45:00;PROGNOSE;09.09.2026 15:46;09.09.2026 15:47:00;PROGNOSE;false;
09.09.2026;80:800631:17268:000;80:800631;DB;DB Regio AG Baden-Württemberg;Zug;17268;RB;;RB;false;false;8014458;Grenzach;09.09.2026 15:49;09.09.2026 15:50:00;PROGNOSE;09.09.2026 15:50;09.09.2026 15:50:00;PROGNOSE;false;
09.09.2026;80:800631:17268:000;80:800631;DB;DB Regio AG Baden-Württemberg;Zug;17268;RB;;RB;false;false;8500090;Basel Bad Bf;09.09.2026 15:55;09.09.2026 15:56:00;PROGNOSE;;;;false;ch:1:sloid:90
09.09.2026;80:800631:17269:000;80:800631;DB;DB Regio AG Baden-Württemberg;Zug;17269;RB;;RB;false;false;8500090;Basel Bad Bf;;;;09.09.2026 15:09;09.09.2026 15:10:00;PROGNOSE;false;ch:1:sloid:90
09.09.2026;80:800631:17269:000;80:800631;DB;DB Regio AG Baden-Württemberg;Zug;17269;RB;;RB;false;false;8014458;Grenzach;09.09.2026 15:13;09.09.2026 15:14:00;PROGNOSE;09.09.2026 15:15;09.09.2026 15:15:00;PROGNOSE;false;
09.09.2026;80:800631:17269:000;80:800631;DB;DB Regio AG Baden-Württemberg;Zug;17269;RB;;RB;false;false;8014459;Wyhlen;09.09.2026 15:18;09.09.2026 15:17:00;PROGNOSE;09.09.2026 15:18;09.09.2026 15:18:00;PROGNOSE;false;
09.09.2026;80:800631:17269:000;80:800631;DB;DB Regio AG Baden-Württemberg;Zug;17269;RB;;RB;false;false;8014460;Herten (Baden);09.09.2026 15:21;09.09.2026 15:21:00;PROGNOSE;09.09.2026 15:22;09.09.2026 15:23:00;PROGNOSE;false;
09.09.2026;80:800631:17269:000;80:800631;DB;DB Regio AG Baden-Württemberg;Zug;17269;RB;;RB;false;false;8014462;Rheinfelden (Baden);09.09.2026 15:25;09.09.2026 15:25:00;PROGNOSE;;;;false;
09.09.2026;80:800631:17270:000;80:800631;DB;DB Regio AG Baden-Württemberg;Zug;17270;RB;;RB;false;false;8014462;Rheinfelden (Baden);;;;09.09.2026 16:09;09.09.2026 16:09:00;PROGNOSE;false;
09.09.2026;80:800631:17270:000;80:800631;DB;DB Regio AG Baden-Württemberg;Zug;17270;RB;;RB;false;false;8014460;Herten (Baden);09.09.2026 16:12;09.09.2026 16:12:00;PROGNOSE;09.09.2026 16:12;09.09.2026 16:13:00;PROGNOSE;false;
09.09.2026;80:800631:17270:000;80:800631;DB;DB Regio AG Baden-Württemberg;Zug;17270;RB;;RB;false;false;8014459;Wyhlen;09.09.2026 16:16;09.09.2026 16:16:00;PROGNOSE;09.09.2026 16:16;09.09.2026 16:17:00;PROGNOSE;false;
09.09.2026;80:800631:17270:000;80:800631;DB;DB Regio AG Baden-Württemberg;Zug;17270;RB;;RB;false;false;8014458;Grenzach;09.09.2026 16:19;09.09.2026 16:20:00;PROGNOSE;09.09.2026 16:20;09.09.2026 16:21:00;PROGNOSE;false;
09.09.2026;80:800631:17270:000;80:800631;DB;DB Regio AG Baden-Württemberg;Zug;17270;RB;;RB;false;false;8500090;Basel Bad Bf;09.09.2026 16:25;09.09.2026 16:26:00;PROGNOSE;;;;false;ch:1:sloid:90
09.09.2026;80:800631:17271:000;80:800631;DB;DB Regio AG Baden-Württemberg;Zug;17271;RB;;RB;false;false;8500090;Basel Bad Bf;;;;09.09.2026 15:39;09.09.2026 15:39:00;PROGNOSE;false;ch:1:sloid:90
09.09.2026;80:800631:17271:000;80:800631;DB;DB Regio AG Baden-Württemberg;Zug;17271;RB;;RB;false;false;8014458;Grenzach;09.09.2026 15:44;09.09.2026 15:43:00;PROGNOSE;09.09.2026 15:45;09.09.2026 15:45:00;PROGNOSE;false;
09.09.2026;80:800631:17271:000;80:800631;DB;DB Regio AG Baden-Württemberg;Zug;17271;RB;;RB;false;false;8014459;Wyhlen;09.09.2026 15:48;09.09.2026 15:47:00;PROGNOSE;09.09.2026 15:48;09.09.2026 15:48:00;PROGNOSE;false;
09.09.2026;80:800631:17271:000;80:800631;DB;DB Regio AG Baden-Württemberg;Zug;17271;RB;;RB;false;false;8014460;Herten (Baden);09.09.2026 15:52;09.09.2026 15:51:00;PROGNOSE;09.09.2026 15:52;09.09.2026 15:52:00;PROGNOSE;false;
09.09.2026;80:800631:17271:000;80:800631;DB;DB Regio AG Baden-Württemberg;Zug;17271;RB;;RB;false;false;8014462;Rheinfelden (Baden);09.09.2026 15:55;09.09.2026 15:55:00;PROGNOSE;;;;false;
09.09.2026;80:800631:17272:000;80:800631;DB;DB Regio AG Baden-Württemberg;Zug;17272;RB;;RB;false;false;8014462;Rheinfelden (Baden);;;;09.09.2026 16:39;09.09.2026 16:39:00;PROGNOSE;false;
09.09.2026;80:800631:17272:000;80:800631;DB;DB Regio AG Baden-Württemberg;Zug;17272;RB;;RB;false;false;8014460;Herten (Baden);09.09.2026 16:42;09.09.2026 16:42:00;PROGNOSE;09.09.2026 16:42;09.09.2026 16:43:00;PROGNOSE;false;
09.09.2026;80:800631:17272:000;80:800631;DB;DB Regio AG Baden-Württemberg;Zug;17272;RB;;RB;false;false;8014459;Wyhlen;09.09.2026 16:46;09.09.2026 16:45:00;PROGNOSE;09.09.2026 16:46;09.09.2026 16:47:00;PROGNOSE;false;
09.09.2026;80:800631:17272:000;80:800631;DB;DB Regio AG Baden-Württemberg;Zug;17272;RB;;RB;false;false;8014458;Grenzach;09.09.2026 16:49;09.09.2026 16:50:00;PROGNOSE;09.09.2026 16:50;09.09.2026 16:50:00;PROGNOSE;false;
